steps,x,y,Beacon1,Beacon2,Beacon3,Beacon4,Beacon5,Beacon6,Beacon7
1,5,6.5,-66,-67,-81,-77,-87,-85,-82
2,5,6.6,-71,-80,-73,-64,-61,-73,-82
3,5,6.7,-72,-68,-79,-78,-78,-75,-67
4,5,6.8,-84,-71,-72,-69,-65,-76,-72
5,5,6.9,-74,-87,-74,-67,-65,-70,-73
6,5,7,-79,-73,-76,-78,-76,-81,-68
7,5,7.1,-76,-76,-74,-83,-62,-84,-81
8,5,7.2,-79,-73,-76,-76,-78,-81,-68
9,5,7.3,-72,-74,-65,-64,-68,-73,-72
10,5,7.4,-76,-77,-71,-66,-72,-82,-86
11,5,7.5,-69,-63,-76,-76,-78,-81,-68
12,5,7.6,-87,-78,-76,-77,-65,-79,-80
13,5,7.7,-63,-63,-82,-73,-61,-82,-70
14,5,7.8,-84,-77,-63,-66,-65,-83,-76
15,5,7.9,-76,-78,-61,-58,-70,-82,-84
16,5,8,-66,-62,-78,-80,-71,-75,-73
17,5,8.1,-92,-73,-65,-62,-80,-77,-82
18,5,8.2,-82,-59,-75,-81,-75,-69,-71
19,5,8.3,-76,-80,-68,-66,-72,-70,-85
20,5,8.4,-76,-83,-70,-56,-67,-76,-76
21,5,8.5,-75,-80,-63,-51,-71,-78,-94
22,5,8.6,-76,-70,-74,-52,-78,-81,-77
23,5,8.7,-65,-59,-74,-70,-70,-69,-64
24,5,8.8,-77,-76,-74,-67,-68,-80,-91
25,5,8.9,-77,-76,-74,-67,-68,-80,-91
26,5,9,-67,-63,-82,-75,-72,-76,-68
27,5,9.1,-90,-75,-75,-65,-72,-72,-80
28,5,9.2,-64,-60,-74,-75,-70,-79,-67
29,5,9.3,-84,-75,-68,-67,-74,-74,-73
30,5,9.4,-75,-76,-74,-74,-78,-76,-77
31,5,9.5,-75,-74,-72,-90,-71,-77,-69
32,5,9.6,-88,-77,-61,-72,-75,-72,-71
33,5,9.7,-76,-91,-66,-77,-65,-73,-83
34,5,9.8,-78,-80,-63,-71,-68,-77,-79
35,5,9.9,-78,-70,-57,-68,-71,-80,-74
36,5,10,-71,-58,-78,-70,-77,-82,-68
37,5,10.1,-82,-76,-68,-71,-70,-78,-87
38,5,10.2,-65,-60,-82,-74,-76,-72,-63
39,5,10.3,-76,-79,-64,-63,-65,-74,-75
40,5,10.4,-76,-72,-58,-66,-66,-73,-79
41,5,10.5,-74,-59,-75,-85,-70,-78,-67
42,5,10.6,-87,-75,-63,-63,-68,-74,-73
43,5,10.7,-76,-65,-76,-76,-71,-77,-73
44,5,10.8,-80,-80,-58,-62,-66,-80,-72
45,5,10.9,-72,-71,-65,-62,-70,-77,-74
46,5,11,-67,-64,-85,-84,-97,-73,-68
47,5,11.1,-70,-68,-69,-64,-78,-72,-74
48,5,11.2,-66,-65,-76,-77,-78,-80,-76
49,5,11.3,-76,-68,-57,-58,-71,-73,-71
50,5,11.4,-73,-71,-67,-64,-72,-93,-69
51,5,11.5,-82,-68,-80,-80,-73,-74,-77
52,5,11.6,-77,-73,-60,-79,-72,-73,-77
53,5,11.7,-64,-61,-69,-81,-71,-76,-85
54,5,11.8,-72,-84,-68,-69,-65,-88,-72
55,5,11.9,-71,-80,-60,-69,-62,-76,-83
56,5,12,-67,-59,-75,-75,-80,-74,-84
57,5,12.1,-68,-72,-71,-68,-62,-78,-68
58,5,12.2,-77,-58,-85,-71,-74,-92,-74
59,5,12.3,-77,-74,-61,-83,-68,-72,-77
60,5,12.4,-81,-76,-66,-72,-71,-67,-80
61,5,12.5,-62,-71,-80,-77,-74,-73,-67
62,5,12.6,-77,-67,-71,-66,-82,-70,-69
63,5,12.7,-65,-70,-79,-79,-70,-72,-67
64,5,12.8,-82,-67,-74,-68,-66,-67,-71
65,5,12.9,-80,-76,-73,-68,-65,-72,-71
66,5,13,-62,-86,-80,-82,-76,-73,-70
67,5,13.1,-76,-64,-68,-73,-74,-75,-83
68,5,13.2,-70,-75,-75,-70,-67,-83,-64
69,5,13.3,-73,-70,-70,-69,-68,-69,-82
70,5,13.4,-72,-68,-72,-83,-68,-62,-74
71,5,13.5,-72,-62,-72,-73,-57,-71,-70
72,4.9,13.5,-66,-68,-70,-69,-63,-68,-77
73,4.8,13.5,-74,-71,-72,-66,-62,-71,-71
74,4.7,13.5,-72,-65,-72,-72,-71,-67,-67
75,4.6,13.5,-67,-70,-72,-83,-69,-72,-72
76,4.5,13.5,-73,-78,-76,-68,-69,-72,-65
77,4.4,13.5,-73,-68,-72,-80,-72,-74,-70
78,4.3,13.5,-68,-70,-69,-75,-69,-71,-69
79,4.2,13.5,-65,-70,-69,-75,-80,-67,-76
80,4.1,13.5,-67,-72,-74,-72,-63,-71,-78
81,4,13.5,-83,-66,-82,-76,-69,-71,-65
82,3.9,13.5,-70,-80,-71,-70,-61,-71,-73
83,3.8,13.5,-76,-73,-74,-73,-68,-70,-75
84,3.7,13.5,-71,-78,-74,-65,-68,-68,-85
85,3.6,13.5,-70,-69,-71,-72,-69,-71,-80
86,3.5,13.5,-81,-74,-71,-69,-63,-69,-80
87,3.4,13.5,-68,-66,-71,-69,-63,-69,-80
88,3.3,13.5,-86,-62,-76,-77,-72,-75,-79
89,3.2,13.5,-74,-78,-74,-74,-72,-71,-90
90,3.1,13.5,-69,-83,-77,-79,-82,-76,-76
91,3,13.5,-82,-89,-73,-79,-78,-78,-80
92,2.9,13.5,-67,-65,-73,-82,-66,-74,-74
93,2.8,13.5,-66,-60,-73,-76,-64,-74,-74
94,2.7,13.5,-84,-68,-65,-68,-76,-78,-78
95,2.6,13.5,-65,-62,-86,-83,-63,-73,-74
96,2.5,13.5,-80,-74,-95,-62,-72,-77,-78
97,2.4,13.5,-70,-61,-81,-72,-75,-70,-65
98,2.3,13.5,-78,-67,-83,-81,-69,-72,-78
99,2.2,13.5,-76,-72,-84,-66,-68,-89,-84
100,2.1,13.5,-66,-86,-88,-82,-83,-75,-72
101,2,13.5,-74,-72,-84,-60,-75,-80,-76
102,2,13.4,-60,-78,-74,-89,-70,-77,-80
103,2,13.3,-73,-77,-82,-83,-66,-84,-79
104,2,13.2,-74,-78,-69,-72,-75,-80,-69
105,2,13.1,-69,-70,-75,-80,-73,-66,-72
106,2,13,-74,-71,-72,-70,-78,-78,-74
107,2,12.9,-63,-70,-80,-79,-80,-78,-72
108,2,12.8,-63,-70,-92,-86,-71,-88,-76
109,2,12.7,-86,-71,-61,-63,-70,-87,-84
110,2,12.6,-74,-84,-74,-81,-80,-70,-83
111,2,12.5,-80,-73,-79,-64,-71,-80,-84
112,2,12.4,-64,-68,-80,-84,-69,-75,-69
113,2,12.3,-64,-68,-75,-77,-72,-75,-70
114,2,12.2,-76,-73,-73,-65,-74,-75,-73
115,2,12.1,-79,-81,-87,-80,-73,-82,-71
116,2,12,-83,-71,-79,-63,-78,-73,-74
117,2,11.9,-64,-87,-81,-76,-77,-72,-68
118,2,11.8,-64,-76,-78,-81,-78,-71,-74
119,2,11.7,-75,-73,-80,-63,-67,-77,-78
120,2,11.6,-62,-74,-86,-88,-71,-76,-78
121,2,11.5,-80,-78,-63,-53,-67,-77,-82
122,2,11.4,-58,-91,-91,-84,-72,-75,-80
123,2,11.3,-56,-70,-85,-82,-74,-80,-82
124,2,11.2,-78,-76,-67,-57,-71,-93,-76
125,2,11.1,-53,-78,-91,-83,-85,-74,-79
126,2,11,-73,-73,-69,-60,-67,-75,-73
127,2,10.9,-54,-80,-85,-83,-79,-76,-73
128,2,10.8,-60,-81,-84,-86,-80,-85,-75
129,2,10.7,-79,-73,-69,-51,-69,-78,-88
130,2,10.6,-57,-78,-91,-93,-76,-79,-75
131,2,10.5,-79,-80,-66,-51,-69,-78,-88
132,2,10.4,-58,-78,-83,-88,-83,-85,-83
133,2,10.3,-71,-86,-82,-88,-83,-76,-88
134,2,10.2,-78,-78,-65,-65,-80,-76,-80
135,2,10.1,-63,-70,-81,-92,-78,-82,-78
136,2,10,-74,-77,-72,-76,-80,-84,-71
137,2,9.9,-62,-78,-74,-87,-76,-73,-79
138,2,9.8,-57,-75,-78,-90,-78,-68,-79
139,2,9.7,-57,-69,-89,-84,-78,-70,-68
140,2,9.6,-59,-82,-92,-80,-80,-71,-84
141,2,9.5,-62,-79,-77,-77,-79,-74,-79
142,2,9.4,-63,-90,-75,-76,-74,-71,-75
143,2,9.3,-58,-74,-88,-77,-76,-80,-79
144,2,9.2,-58,-74,-83,-76,-84,-78,-79
145,2,9.1,-58,-74,-83,-76,-73,-67,-79
146,2,9,-76,-79,-87,-78,-71,-73,-76
147,2,8.9,-62,-72,-78,-88,-82,-75,-76
148,2,8.8,-62,-75,-76,-88,-75,-81,-83
149,2,8.7,-57,-79,-82,-81,-75,-93,-80
150,2,8.6,-62,-82,-80,-88,-82,-88,-82
151,2,8.5,-60,-76,-78,-82,-82,-75,-88
152,2,8.4,-57,-69,-76,-89,-74,-73,-76
153,2,8.3,-62,-76,-80,-89,-79,-84,-74
154,2,8.2,-68,-76,-72,-82,-72,-74,-76
155,2,8.1,-68,-81,-79,-97,-76,-69,-68
156,2,8,-61,-80,-74,-79,-72,-75,-68
157,2,7.9,-78,-78,-80,-82,-72,-76,-74
158,2,7.8,-82,-73,-90,-75,-69,-72,-69
159,2,7.7,-55,-69,-84,-87,-71,-79,-68
160,2,7.6,-69,-78,-89,-87,-76,-68,-80
161,2,7.5,-54,-71,-78,-87,-83,-67,-76
162,2,7.4,-51,-83,-78,-81,-74,-78,-81
163,2,7.3,-50,-78,-81,-77,-77,-72,-80
164,2,7.2,-52,-79,-76,-76,-74,-68,-81
165,2,7.1,-54,-86,-82,-85,-85,-67,-78
166,2,7,-54,-74,-79,-78,-69,-77,-77
167,2,6.9,-58,-74,-87,-88,-76,-70,-77
168,2,6.8,-51,-76,-87,-80,-78,-75,-70
169,2,6.7,-56,-72,-76,-78,-85,-75,-72
170,2,6.6,-66,-67,-76,-77,-80,-92,-82
171,2,6.5,-58,-69,-76,-77,-75,-78,-84
172,2,6.4,-61,-65,-74,-82,-78,-85,-85
173,2,6.3,-65,-73,-70,-79,-76,-70,-68
174,2,6.2,-64,-78,-76,-80,-64,-70,-74
175,2,6.1,-56,-85,-73,-82,-72,-66,-80
176,2,6,-53,-78,-82,-81,-76,-70,-78
177,2,5.9,-52,-72,-90,-80,-81,-74,-75
178,2,5.8,-51,-78,-73,-79,-78,-82,-76
179,2,5.7,-53,-82,-77,-76,-75,-78,-77
180,2,5.6,-52,-70,-76,-80,-68,-72,-76
181,2,5.5,-50,-66,-74,-78,-71,-77,-75
182,2.1,5.5,-50,-66,-81,-74,-88,-77,-75
183,2.2,5.5,-54,-75,-81,-74,-70,-77,-72
184,2.3,5.5,-62,-71,-76,-73,-64,-64,-73
185,2.4,5.5,-57,-72,-76,-84,-68,-66,-69
186,2.5,5.5,-67,-87,-88,-86,-81,-71,-80
187,2.6,5.5,-69,-72,-73,-76,-74,-66,-75
188,2.7,5.5,-62,-71,-86,-73,-78,-69,-74
189,2.8,5.5,-82,-68,-88,-84,-66,-70,-69
190,2.9,5.5,-64,-75,-72,-83,-84,-71,-88
191,3,5.5,-72,-72,-89,-83,-81,-70,-76
192,3.1,5.5,-74,-72,-84,-76,-73,-64,-81
193,3.2,5.5,-68,-72,-86,-76,-78,-66,-72
194,3.3,5.5,-77,-80,-90,-77,-83,-80,-74
195,3.4,5.5,-66,-78,-82,-92,-83,-69,-67
196,3.5,5.5,-62,-79,-85,-86,-80,-79,-82
197,3.6,5.5,-59,-74,-88,-84,-74,-75,-77
198,3.7,5.5,-64,-87,-93,-88,-75,-67,-78
199,3.8,5.5,-63,-74,-88,-85,-76,-71,-72
200,3.9,5.5,-64,-74,-86,-92,-77,-83,-78
201,4,5.5,-72,-81,-83,-87,-78,-71,-72
202,4.1,5.5,-71,-76,-90,-91,-77,-74,-68
203,4.2,5.5,-65,-84,-83,-86,-84,-82,-68
204,4.3,5.5,-76,-80,-84,-79,-80,-72,-70
205,4.4,5.5,-79,-69,-91,-93,-84,-64,-90
206,4.5,5.5,-72,-71,-86,-78,-78,-70,-67
207,4.6,5.5,-82,-94,-89,-92,-80,-72,-72
208,4.7,5.5,-76,-76,-84,-98,-71,-78,-72
209,4.8,5.5,-72,-88,-78,-90,-84,-73,-69
210,4.9,5.5,-79,-75,-89,-86,-85,-68,-69
211,5,5.5,-82,-78,-89,-77,-86,-69,-83
212,5.1,5.5,-76,-80,-83,-79,-82,-72,-86
213,5.2,5.5,-76,-80,-82,-75,-82,-72,-86
214,5.3,5.5,-87,-80,-82,-75,-80,-84,-76
215,5.4,5.5,-83,-85,-80,-89,-76,-68,-76
216,5.5,5.5,-68,-77,-85,-87,-80,-74,-71
217,5.6,5.5,-68,-70,-79,-83,-80,-73,-74
218,5.7,5.5,-71,-72,-87,-85,-72,-73,-70
219,5.8,5.5,-79,-72,-83,-91,-82,-73,-72
220,5.9,5.5,-83,-77,-80,-81,-77,-69,-72
221,6,5.5,-71,-94,-90,-76,-80,-76,-72
222,6.1,5.5,-82,-80,-76,-98,-77,-95,-78
223,6.2,5.5,-75,-76,-78,-87,-70,-79,-74
224,6.3,5.5,-75,-76,-74,-82,-70,-79,-74
225,6.4,5.5,-74,-93,-74,-82,-79,-74,-64
226,6.5,5.5,-70,-76,-91,-81,-87,-78,-60
227,6.6,5.5,-76,-76,-80,-90,-78,-71,-69
228,6.7,5.5,-67,-82,-85,-83,-77,-75,-76
229,6.8,5.5,-72,-82,-78,-83,-77,-65,-76
230,6.9,5.5,-69,-82,-83,-79,-75,-68,-69
231,7,5.5,-73,-77,-80,-88,-83,-77,-67
232,7.1,5.5,-73,-80,-81,-92,-82,-74,-68
233,7.2,5.5,-68,-70,-77,-85,-74,-66,-67
234,7.3,5.5,-69,-74,-80,-90,-77,-65,-70
235,7.4,5.5,-76,-73,-89,-82,-76,-66,-70
236,7.5,5.5,-62,-70,-85,-76,-69,-64,-68
237,7.6,5.5,-78,-96,-77,-86,-80,-59,-73
238,7.7,5.5,-78,-96,-88,-76,-80,-67,-73
239,7.8,5.5,-69,-88,-88,-76,-77,-72,-82
240,7.9,5.5,-86,-77,-86,-94,-70,-70,-78
241,8,5.5,-71,-72,-83,-77,-73,-71,-69
242,8,5.2,-75,-93,-79,-80,-85,-63,-71
243,8,4.9,-73,-82,-83,-83,-82,-75,-74
244,8,4.6,-72,-82,-80,-82,-73,-63,-67
245,8,4.3,-69,-78,-80,-82,-70,-68,-67
246,8,4,-70,-82,-80,-82,-76,-66,-66
247,8,3.7,-68,-80,-78,-76,-73,-65,-65
248,8,3.4,-78,-75,-89,-71,-75,-68,-75
249,8,3.1,-75,-81,-85,-79,-75,-70,-65
250,8,2.8,-75,-82,-81,-79,-82,-67,-76
251,8,2.5,-72,-81,-92,-83,-84,-66,-76
252,8,2.2,-80,-80,-82,-83,-78,-71,-68
253,8,1.9,-85,-80,-92,-85,-83,-69,-67
254,8,1.6,-76,-75,-92,-84,-80,-72,-60
255,8,1.3,-76,-73,-86,-97,-77,-70,-64
256,8,1,-76,-74,-79,-85,-94,-65,-62
257,8,0.7,-70,-81,-80,-82,-78,-63,-63
258,8,0.4,-71,-72,-85,-82,-83,-68,-61
259,8,0.2,-74,-85,-90,-80,-85,-70,-59
260,8,0,-80,-78,-85,-83,-89,-67,-63
261,8.3,0,-81,-80,-87,-84,-87,-73,-59
262,8.6,0,-73,-83,-90,-84,-79,-76,-79
263,8.9,0,-84,-89,-83,-86,-78,-72,-64
264,9.2,0,-77,-87,-94,-86,-80,-70,-62
265,9.5,0,-84,-86,-95,-87,-76,-73,-70
266,9.5,0.3,-74,-83,-86,-96,-88,-71,-74
267,9.5,0.6,-80,-86,-82,-88,-82,-64,-60
268,9.5,0.9,-78,-96,-84,-88,-86,-70,-65
269,9.5,1.2,-84,-88,-92,-84,-81,-78,-58
270,9.5,1.5,-82,-87,-82,-82,-89,-75,-60
271,9.2,1.5,-78,-94,-86,-95,-88,-74,-58
272,8.9,1.5,-89,-88,-84,-95,-84,-77,-58
273,8.6,1.5,-75,-81,-86,-85,-81,-72,-64
274,8.3,1.5,-76,-81,-80,-88,-76,-62,-66
275,8,1.5,-85,-84,-77,-82,-80,-71,-56
276,7.7,1.5,-87,-82,-79,-82,-76,-69,-70
277,7.4,1.5,-72,-88,-82,-80,-84,-61,-61
278,7.1,1.5,-74,-90,-83,-78,-83,-62,-60
279,7.1,1.8,-74,-90,-84,-81,-83,-62,-60
280,7.1,2.1,-82,-80,-84,-81,-76,-61,-58
281,7.1,2.4,-86,-84,-83,-83,-85,-83,-53
282,6.8,2.4,-76,-79,-83,-77,-73,-73,-57
283,6.5,2.4,-82,-80,-77,-95,-81,-64,-58
284,6.2,2.4,-69,-78,-79,-83,-74,-71,-60
285,5.9,2.4,-77,-82,-82,-85,-74,-60,-60
286,5.6,2.4,-84,-85,-79,-77,-70,-60,-62
287,5.3,2.4,-72,-77,-93,-86,-80,-74,-62
288,5,2.4,-73,-78,-80,-76,-84,-67,-59
289,5,2.1,-85,-81,-82,-89,-74,-65,-58
290,5,1.8,-71,-83,-82,-79,-74,-65,-56
291,5,1.5,-72,-76,-77,-84,-76,-76,-57
292,5,1.2,-75,-81,-83,-81,-72,-75,-58
293,5,0.9,-75,-83,-79,-96,-72,-62,-56
294,5,0.6,-83,-73,-80,-83,-84,-67,-56
295,5,0.3,-77,-84,-99,-89,-76,-62,-59
296,5,0,-72,-75,-92,-88,-79,-69,-60
297,5.3,0,-77,-78,-80,-82,-85,-63,-56
298,5.6,0,-80,-88,-86,-86,-86,-71,-50
299,5.9,0,-77,-82,-81,-78,-92,-63,-52
300,6.1,0,-78,-84,-79,-88,-82,-63,-73
301,6.4,0,-89,-81,-84,-86,-77,-60,-51
302,6.7,0,-73,-88,-79,-88,-80,-65,-51
303,6.7,0.3,-72,-71,-80,-95,-80,-74,-58
304,6.7,0.6,-78,-85,-78,-79,-79,-66,-76
305,6.7,0.9,-84,-83,-74,-81,-76,-67,-62
306,6.7,1.2,-74,-76,-87,-76,-80,-71,-54
307,6.7,1.5,-76,-83,-80,-80,-73,-71,-60
308,6.4,1.5,-84,-78,-78,-76,-70,-62,-55
309,6.1,1.5,-80,-78,-75,-79,-82,-63,-62
310,5.8,1.5,-74,-80,-81,-81,-76,-62,-57
311,5.5,1.5,-79,-87,-78,-92,-86,-72,-57
312,5.2,1.5,-80,-79,-91,-78,-79,-61,-59
313,4.9,1.5,-82,-88,-78,-93,-76,-67,-67
314,4.6,1.5,-83,-88,-78,-87,-76,-71,-65
315,4.3,1.5,-80,-85,-78,-85,-72,-64,-71
316,4,1.5,-85,-83,-88,-76,-69,-64,-76
317,4,1.8,-76,-79,-87,-81,-79,-69,-66
318,4,2.1,-74,-82,-80,-90,-75,-62,-73
319,4,2.4,-73,-85,-70,-77,-70,-58,-70
320,3.7,2.4,-73,-82,-77,-76,-73,-57,-67
321,3.4,2.4,-75,-89,-77,-89,-69,-58,-77
322,3.1,2.4,-82,-90,-76,-81,-70,-60,-69
323,2.8,2.4,-71,-86,-72,-85,-77,-57,-67
324,2.5,2.4,-88,-84,-80,-81,-75,-60,-70
325,2.2,2.4,-76,-80,-84,-80,-78,-68,-68
326,1.9,2.4,-74,-80,-76,-76,-70,-69,-69
327,1.9,2.1,-77,-70,-86,-79,-73,-59,-74
328,1.9,1.8,-73,-80,-76,-93,-76,-68,-63
329,1.9,1.5,-82,-80,-90,-78,-77,-65,-66
330,1.9,1.2,-71,-72,-87,-83,-77,-62,-69
331,1.9,0.9,-72,-76,-92,-82,-81,-75,-64
332,1.9,0.6,-80,-79,-92,-88,-76,-62,-59
333,1.9,0.3,-73,-78,-79,-92,-76,-65,-62
334,1.9,0,-79,-79,-88,-89,-90,-62,-63
335,2.2,0,-77,-90,-78,-78,-78,-68,-68
336,2.5,0,-67,-74,-77,-80,-76,-62,-73
337,2.8,0,-67,-78,-78,-79,-77,-58,-69
338,3.1,0,-68,-78,-81,-79,-76,-64,-65
339,3.4,0,-69,-78,-88,-82,-87,-63,-68
340,3.7,0,-74,-90,-85,-74,-79,-54,-64
341,3.7,0.3,-67,-76,-82,-76,-77,-60,-71
342,3.7,0.6,-68,-79,-88,-77,-74,-62,-69
343,3.7,0.9,-66,-80,-74,-79,-72,-62,-71
344,3.7,1.2,-67,-78,-80,-86,-80,-70,-64
345,3.7,1.5,-67,-80,-77,-82,-72,-72,-65
346,3.4,1.5,-67,-82,-79,-82,-83,-72,-65
347,3.1,1.5,-70,-78,-81,-75,-77,-55,-78
348,2.8,1.5,-70,-76,-78,-85,-73,-55,-63
349,2.5,1.5,-68,-80,-80,-88,-70,-58,-72
350,2.2,1.5,-69,-82,-84,-88,-71,-56,-70
351,1.9,1.5,-65,-78,-76,-83,-72,-56,-70
352,1.6,1.5,-71,-76,-80,-80,-74,-57,-72
353,1.3,1.5,-68,-80,-75,-88,-70,-58,-65
354,1,1.5,-69,-80,-86,-89,-72,-63,-69
355,1,1.8,-71,-84,-86,-89,-73,-58,-73
356,1,2.1,-68,-76,-78,-82,-69,-68,-68
357,1,2.4,-65,-76,-82,-76,-70,-68,-66
358,1,2.5,-73,-76,-84,-84,-71,-74,-70
359,1,2.6,-74,-76,-70,-99,-72,-65,-73
360,1,2.7,-74,-82,-76,-72,-65,-70,-67
361,1,2.8,-74,-78,-83,-76,-66,-63,-72
362,1,2.9,-74,-82,-77,-76,-62,-62,-82
363,1,3,-67,-73,-69,-81,-67,-65,-79
364,1,3.1,-70,-76,-76,-83,-71,-68,-71
365,1,3.2,-70,-80,-76,-72,-70,-72,-80
366,1,3.3,-74,-73,-74,-75,-68,-72,-68
367,1,3.4,-68,-72,-73,-81,-69,-72,-78
368,1,3.5,-70,-71,-78,-72,-64,-72,-68
369,1,3.6,-70,-68,-74,-74,-81,-68,-82
370,1,3.7,-68,-80,-83,-73,-72,-83,-72
371,1,3.8,-66,-80,-77,-84,-70,-71,-91
372,1,3.9,-66,-74,-93,-78,-80,-66,-87
373,1,4,-60,-69,-76,-77,-69,-76,-84
374,1,4.1,-69,-74,-80,-79,-70,-67,-76
375,1,4.2,-64,-68,-77,-80,-77,-68,-68
376,1,4.3,-64,-71,-80,-69,-65,-73,-68
377,1,4.4,-69,-67,-80,-71,-75,-70,-66
378,1,4.5,-72,-76,-76,-79,-75,-73,-64
379,1,4.6,-73,-72,-76,-83,-70,-74,-78
380,1,4.7,-72,-77,-73,-82,-85,-76,-68
381,1,4.8,-72,-73,-72,-78,-68,-68,-66
382,1,4.9,-80,-72,-72,-71,-80,-70,-80
383,1,5,-78,-81,-83,-84,-83,-64,-57
384,1,5.1,-71,-66,-72,-70,-76,-76,-66
385,1,5.2,-69,-89,-86,-86,-76,-64,-55
386,1,5.3,-65,-62,-76,-86,-74,-81,-61
387,1,5.4,-69,-62,-73,-70,-67,-90,-67
388,1,5.5,-75,-64,-69,-59,-62,-74,-78
389,1,5.6,-71,-63,-83,-68,-72,-72,-77
390,1,5.7,-74,-71,-66,-68,-65,-73,-84
391,1,5.8,-75,-71,-77,-77,-68,-84,-64
392,1,5.9,-71,-64,-76,-70,-74,-72,-66
393,1,6,-72,-80,-80,-66,-65,-74,-69
394,1,6.1,-79,-62,-76,-82,-74,-72,-77
395,1,6.2,-75,-89,-80,-71,-64,-85,-76
396,1,6.3,-79,-73,-70,-69,-64,-68,-72
397,1,6.4,-67,-85,-71,-77,-75,-76,-71
398,1,6.5,-76,-76,-73,-77,-62,-76,-82
399,1.1,6.5,-69,-73,-70,-72,-65,-75,-71
400,1.2,6.5,-56,-81,-81,-70,-77,-77,-70
401,1.3,6.5,-68,-81,-66,-80,-68,-80,-75
402,1.4,6.5,-69,-69,-76,-80,-69,-69,-78
403,1.5,6.5,-56,-81,-83,-74,-72,-80,-69
404,1.6,6.5,-86,-72,-66,-71,-64,-78,-71
405,1.7,6.5,-60,-79,-83,-74,-72,-80,-69
406,1.8,6.5,-64,-83,-69,-71,-70,-75,-74
407,1.9,6.5,-66,-73,-82,-71,-60,-71,-83
408,2,6.5,-56,-73,-80,-72,-75,-89,-65
409,2.1,6.5,-60,-78,-76,-74,-62,-76,-72
410,2.2,6.5,-65,-73,-94,-70,-73,-77,-82
411,2.3,6.5,-72,-88,-79,-68,-61,-70,-77
412,2.4,6.5,-70,-75,-70,-66,-62,-73,-73
413,2.5,6.5,-65,-73,-82,-89,-76,-77,-86
414,2.6,6.5,-82,-74,-69,-72,-53,-74,-78
415,2.7,6.5,-62,-72,-82,-89,-76,-77,-86
416,2.8,6.5,-82,-87,-82,-62,-60,-83,-77
417,2.9,6.5,-72,-75,-74,-62,-57,-70,-80
418,3,6.5,-62,-71,-77,-73,-78,-75,-72
419,3.1,6.5,-76,-76,-68,-64,-60,-77,-95
420,3.2,6.5,-62,-77,-85,-78,-72,-79,-72
421,3.3,6.5,-77,-73,-75,-76,-54,-67,-74
422,3.4,6.5,-71,-87,-69,-67,-51,-82,-71
423,3.5,6.5,-67,-67,-76,-82,-73,-73,-77
424,3.6,6.5,-80,-78,-77,-85,-56,-72,-81
425,3.7,6.5,-62,-64,-75,-81,-72,-76,-73
426,3.8,6.5,-70,-82,-72,-71,-57,-78,-82
427,3.9,6.5,-77,-85,-73,-65,-52,-81,-80
428,4,6.5,-62,-63,-78,-84,-72,-74,-75
429,4.1,6.5,-68,-75,-76,-73,-52,-68,-71
430,4.2,6.5,-62,-67,-83,-80,-84,-85,-78
431,4.3,6.5,-71,-68,-76,-68,-51,-74,-70
432,4.4,6.5,-71,-77,-77,-76,-52,-74,-77
433,4.5,6.5,-78,-66,-78,-77,-87,-84,-70
434,4.6,6.5,-76,-91,-70,-70,-61,-81,-82
435,4.7,6.5,-65,-65,-74,-82,-66,-74,-74
436,4.8,6.5,-82,-69,-71,-72,-60,-83,-77
437,4.9,6.5,-72,-79,-77,-72,-57,-70,-80
438,5,6.5,-66,-67,-81,-77,-87,-85,-82
1,7.5,5,-71,-77,-80,-79,-76,-68,-64
2,7.5,4.9,-72,-78,-86,-78,-72,-71,-68
3,7.5,4.8,-67,-86,-91,-80,-83,-63,-62
4,7.5,4.7,-70,-73,-76,-78,-74,-76,-55
5,7.5,4.6,-75,-76,-82,-76,-86,-64,-57
6,7.5,4.5,-91,-72,-88,-82,-72,-69,-56
7,7.5,4.4,-72,-69,-74,-72,-72,-69,-54
8,7.5,4.3,-73,-76,-79,-73,-80,-73,-57
9,7.5,4.2,-71,-84,-76,-83,-83,-68,-55
10,7.5,4.1,-70,-82,-77,-86,-76,-62,-58
11,7.5,4,-71,-79,-75,-80,-76,-65,-62
12,7.5,3.9,-71,-77,-73,-74,-74,-70,-56
13,7.5,3.8,-69,-81,-90,-76,-80,-82,-56
14,7.5,3.7,-70,-78,-80,-77,-75,-77,-56
15,7.5,3.6,-67,-78,-83,-82,-76,-69,-53
16,7.5,3.5,-67,-77,-77,-83,-84,-78,-52
17,7.5,3.4,-64,-75,-89,-83,-78,-66,-58
18,7.5,3.3,-72,-71,-88,-78,-83,-67,-52
19,7.5,3.2,-68,-76,-78,-79,-91,-73,-54
20,7.5,3.1,-80,-77,-79,-80,-71,-66,-58
21,7.5,3,-77,-77,-82,-78,-70,-62,-74
22,7.5,2.9,-82,-75,-89,-80,-81,-83,-57
23,7.5,2.8,-73,-87,-81,-84,-71,-70,-64
24,7.5,2.7,-82,-68,-80,-74,-77,-76,-55
25,7.5,2.6,-72,-79,-80,-76,-83,-76,-60
26,7.5,2.5,-74,-79,-75,-80,-76,-68,-69
27,7.5,2.4,-73,-79,-80,-91,-75,-67,-57
28,7.5,2.3,-72,-78,-78,-80,-77,-92,-57
29,7.5,2.2,-76,-80,-81,-90,-77,-70,-73
30,7.5,2.1,-81,-86,-91,-84,-83,-78,-56
31,7.5,2,-77,-86,-84,-82,-91,-73,-60
32,7.5,1.9,-77,-84,-84,-88,-97,-70,-58
33,7.5,1.8,-80,-84,-86,-80,-92,-66,-52
34,7.5,1.7,-83,-82,-89,-85,-82,-67,-53
35,7.5,1.6,-80,-88,-86,-84,-77,-76,-54
36,7.5,1.5,-88,-80,-86,-80,-75,-78,-52
37,7.6,1.5,-84,-90,-83,-88,-75,-67,-53
38,7.7,1.5,-87,-82,-79,-82,-76,-69,-70
39,7.8,1.5,-88,-87,-87,-87,-87,-63,-62
40,7.9,1.5,-79,-83,-84,-78,-87,-71,-66
41,8,1.5,-85,-84,-77,-82,-80,-71,-56
42,8.1,1.5,-74,-80,-92,-84,-87,-79,-64
43,8.2,1.5,-76,-93,-88,-83,-85,-68,-67
44,8.3,1.5,-76,-81,-80,-88,-76,-62,-66
45,8.4,1.5,-77,-85,-81,-88,-76,-80,-72
46,8.5,1.5,-80,-79,-82,-88,-76,-68,-66
47,8.6,1.5,-75,-81,-86,-85,-81,-72,-64
48,8.7,1.5,-86,-97,-84,-80,-85,-65,-64
49,8.8,1.5,-78,-83,-90,-93,-83,-74,-58
50,8.9,1.5,-89,-88,-84,-95,-84,-77,-58
51,9,1.5,-76,-90,-94,-84,-76,-66,-59
52,9.1,1.5,-72,-82,-80,-80,-76,-62,-54
53,9.2,1.5,-78,-94,-86,-95,-88,-74,-58
54,9.3,1.5,-80,-96,-85,-79,-80,-69,-55
55,9.4,1.5,-82,-82,-91,-89,-83,-76,-53
56,9.5,1.5,-82,-87,-82,-82,-89,-75,-60
57,9.5,1.4,-76,-83,-93,-83,-84,-68,-57
58,9.5,1.3,-92,-88,-81,-82,-80,-70,-52
59,9.5,1.2,-78,-95,-80,-96,-84,-69,-53
60,9.5,1.1,-74,-79,-78,-87,-80,-71,-52
61,9.5,1,-83,-95,-76,-77,-79,-72,-55
62,9.5,0.9,-81,-80,-78,-80,-79,-63,-52
63,9.5,0.8,-82,-82,-82,-91,-82,-64,-72
64,9.5,0.7,-78,-78,-93,-88,-82,-64,-72
65,9.5,0.6,-78,-85,-85,-91,-91,-70,-71
66,9.5,0.5,-74,-82,-85,-88,-86,-63,-52
67,9.5,0.4,-74,-82,-84,-86,-86,-86,-71
68,9.5,0.3,-76,-81,-91,-79,-87,-68,-60
69,9.5,0.2,-83,-85,-89,-96,-95,-68,-60
70,9.5,0.1,-78,-82,-80,-75,-86,-70,-58
71,9.5,0,-84,-86,-95,-87,-76,-73,-70
72,9.4,0,-89,-80,-88,-82,-81,-66,-61
73,9.3,0,-74,-88,-75,-84,-76,-65,-58
74,9.2,0,-77,-87,-94,-86,-80,-70,-62
75,9.1,0,-79,-80,-76,-83,-76,-67,-55
76,9,0,-84,-76,-76,-83,-77,-74,-60
77,8.9,0,-84,-89,-83,-86,-78,-72,-64
78,8.8,0,-79,-75,-84,-73,-82,-73,-65
79,8.7,0,-67,-77,-83,-77,-80,-67,-65
80,8.6,0,-73,-83,-90,-84,-79,-76,-79
81,8.5,0,-69,-77,-76,-74,-72,-70,-78
82,8.4,0,-71,-77,-77,-82,-72,-66,-67
83,8.3,0,-81,-80,-87,-84,-87,-73,-59
84,8.2,0,-75,-76,-79,-70,-72,-63,-65
85,8.1,0,-77,-79,-79,-84,-83,-70,-76
86,8,0,-80,-78,-85,-83,-89,-67,-63
87,7.9,0,-80,-72,-88,-82,-74,-61,-69
88,7.8,0,-80,-78,-78,-74,-73,-62,-74
89,7.7,0,-71,-75,-77,-87,-89,-64,-78
90,7.6,0,-72,-81,-76,-77,-86,-63,-71
91,7.5,0,-75,-74,-82,-75,-74,-64,-76
92,7.4,0,-71,-75,-82,-82,-72,-64,-74
93,7.3,0,-67,-78,-79,-72,-83,-72,-81
94,7.2,0,-68,-78,-78,-69,-82,-78,-71
95,7.1,0,-69,-72,-85,-72,-88,-69,-83
96,7,0,-78,-82,-80,-76,-73,-81,-75
97,7,0.1,-79,-75,-80,-73,-72,-77,-73
98,7,0.2,-64,-92,-84,-82,-68,-79,-72
99,7,0.3,-74,-74,-80,-80,-80,-74,-75
100,7,0.4,-98,-74,-86,-80,-80,-73,-69
101,7,0.5,-72,-77,-86,-80,-87,-75,-72
102,7,0.6,-69,-87,-84,-73,-81,-78,-70
103,7,0.7,-73,-88,-84,-75,-80,-75,-70
104,7,0.8,-76,-84,-85,-82,-82,-83,-66
105,7,0.9,-62,-74,-89,-82,-84,-76,-66
106,7,1,-62,-77,-96,-88,-76,-68,-72
107,7,1.1,-65,-79,-80,-74,-88,-79,-65
108,7,1.2,-72,-76,-82,-76,-84,-73,-66
109,7,1.3,-76,-78,-84,-94,-88,-65,-75
110,7,1.4,-81,-88,-82,-77,-80,-69,-73
111,7,1.5,-83,-83,-80,-76,-83,-66,-67
112,7,1.6,-71,-75,-89,-76,-74,-74,-68
113,7,1.7,-76,-78,-78,-80,-89,-74,-74
114,7,1.8,-75,-82,-82,-83,-75,-69,-67
115,7,1.9,-84,-73,-85,-92,-80,-68,-66
116,7,2,-85,-84,-83,-85,-80,-72,-69
117,7,2.1,-73,-90,-82,-75,-82,-67,-66
118,7,2.2,-73,-84,-80,-75,-76,-70,-67
119,7,2.3,-73,-85,-88,-77,-79,-76,-84
120,7,2.4,-74,-85,-79,-80,-77,-78,-68
121,7,2.5,-87,-78,-94,-78,-84,-72,-53
122,6.9,2.5,-74,-88,-84,-82,-84,-87,-82
123,6.8,2.5,-81,-79,-81,-87,-80,-88,-85
124,6.7,2.5,-73,-83,-85,-84,-98,-66,-60
125,6.6,2.5,-66,-86,-81,-74,-86,-73,-77
126,6.5,2.5,-77,-78,-82,-81,-90,-68,-55
127,6.4,2.5,-79,-71,-82,-80,-91,-85,-81
128,6.3,2.5,-73,-68,-91,-76,-86,-76,-73
129,6.2,2.5,-83,-80,-83,-88,-83,-70,-52
130,6.1,2.5,-71,-81,-76,-80,-74,-76,-81
131,6,2.5,-83,-87,-85,-85,-82,-61,-56
132,5.9,2.5,-78,-82,-80,-81,-78,-72,-78
133,5.8,2.5,-65,-75,-81,-86,-77,-70,-77
134,5.7,2.5,-96,-94,-80,-82,-76,-64,-53
135,5.6,2.5,-74,-80,-79,-92,-74,-71,-77
136,5.5,2.5,-96,-85,-84,-82,-82,-72,-50
137,5.4,2.5,-78,-87,-81,-74,-80,-80,-74
138,5.3,2.5,-80,-83,-79,-74,-83,-80,-74
139,5.2,2.5,-83,-86,-82,-96,-75,-67,-50
140,5.1,2.5,-77,-82,-85,-76,-76,-69,-75
141,5,2.5,-56,-71,-80,-73,-73,-87,-85
142,4.9,2.5,-68,-89,-77,-73,-77,-69,-76
143,4.8,2.5,-76,-78,-79,-77,-78,-69,-70
144,4.7,2.5,-54,-94,-82,-65,-69,-69,-82
145,4.6,2.5,-72,-82,-83,-71,-74,-69,-65
146,4.5,2.5,-57,-80,-72,-72,-76,-78,-77
147,4.5,2.4,-69,-83,-79,-77,-72,-64,-72
148,4.5,2.3,-66,-90,-80,-86,-78,-75,-71
149,4.5,2.2,-78,-72,-87,-77,-80,-77,-54
150,4.5,2.1,-75,-71,-86,-74,-80,-73,-81
151,4.5,2,-78,-75,-76,-68,-92,-62,-74
152,4.5,1.9,-73,-73,-84,-72,-80,-73,-73
153,4.5,1.8,-72,-77,-80,-73,-83,-64,-68
154,4.5,1.7,-62,-86,-79,-83,-82,-59,-65
155,4.5,1.6,-68,-76,-78,-85,-77,-76,-68
156,4.5,1.5,-68,-71,-71,-69,-82,-73,-65
157,4.6,1.5,-74,-76,-78,-82,-77,-82,-83
158,4.7,1.5,-72,-79,-70,-71,-75,-68,-73
159,4.8,1.5,-69,-77,-82,-73,-69,-64,-65
160,4.9,1.5,-100,-80,-80,-80,-78,-66,-74
161,5,1.5,-73,-82,-82,-86,-76,-75,-73
162,5.1,1.5,-65,-73,-79,-62,-82,-79,-73
163,5.2,1.5,-68,-80,-87,-74,-72,-68,-78
164,5.3,1.5,-69,-72,-79,-69,-77,-75,-72
165,5.4,1.5,-60,-74,-74,-73,-72,-70,-72
166,5.5,1.5,-63,-75,-83,-77,-74,-69,-71
167,5.6,1.5,-67,-67,-72,-70,-76,-76,-75
168,5.7,1.5,-80,-83,-92,-80,-75,-66,-72
169,5.8,1.5,-60,-72,-82,-69,-71,-66,-73
170,5.9,1.5,-57,-80,-92,-83,-73,-66,-73
171,6,1.5,-76,-74,-74,-81,-75,-65,-80
172,6.1,1.5,-55,-76,-76,-72,-84,-80,-76
173,6.2,1.5,-77,-78,-82,-72,-77,-70,-72
174,6.3,1.5,-58,-75,-80,-73,-71,-72,-74
175,6.4,1.5,-65,-73,-91,-87,-72,-77,-82
176,6.5,1.5,-72,-90,-83,-74,-70,-70,-77
177,6.5,1.4,-62,-72,-66,-77,-76,-80,-72
178,6.5,1.3,-64,-75,-75,-72,-72,-78,-72
179,6.5,1.2,-80,-73,-75,-78,-73,-66,-67
180,6.5,1.1,-80,-79,-86,-86,-75,-92,-70
181,6.5,1,-75,-90,-82,-71,-85,-65,-74
182,6.5,0.9,-64,-72,-77,-70,-80,-82,-70
183,6.5,0.8,-66,-67,-72,-70,-79,-76,-73
184,6.5,0.7,-80,-88,-83,-83,-76,-72,-66
185,6.5,0.6,-58,-73,-74,-82,-87,-78,-74
186,6.5,0.5,-71,-84,-77,-92,-76,-67,-65
187,6.5,0.4,-71,-74,-89,-77,-82,-80,-72
188,6.5,0.3,-53,-85,-82,-87,-80,-72,-72
189,6.5,0.2,-82,-81,-82,-78,-88,-64,-62
190,6.5,0.1,-56,-81,-79,-79,-72,-83,-76
191,6.5,0,-66,-81,-82,-79,-78,-76,-65
192,6.4,0,-59,-73,-80,-75,-76,-87,-73
193,6.3,0,-58,-78,-89,-74,-77,-78,-77
194,6.2,0,-76,-80,-91,-82,-80,-71,-70
195,6.1,0,-70,-78,-82,-80,-78,-74,-81
196,6,0,-73,-80,-76,-76,-83,-64,-90
197,5.9,0,-65,-73,-79,-69,-70,-77,-76
198,5.8,0,-58,-75,-79,-75,-83,-76,-79
199,5.7,0,-71,-83,-90,-74,-79,-81,-69
200,5.6,0,-68,-82,-73,-85,-77,-65,-76
201,5.5,0,-81,-76,-76,-69,-76,-70,-86
202,5.4,0,-63,-84,-97,-96,-89,-69,-74
203,5.3,0,-68,-80,-80,-76,-76,-67,-72
204,5.2,0,-67,-74,-78,-72,-74,-76,-78
205,5.1,0,-60,-76,-88,-72,-82,-76,-78
206,5,0,-73,-70,-80,-82,-72,-89,-78
207,4.9,0,-69,-74,-84,-89,-95,-74,-73
208,4.8,0,-68,-78,-82,-95,-80,-72,-78
209,4.7,0,-82,-82,-92,-76,-80,-69,-71
210,4.6,0,-72,-82,-87,-75,-80,-72,-77
211,4.5,0,-80,-79,-83,-77,-71,-74,-82
212,4.4,0,-60,-87,-95,-91,-86,-78,-81
213,4.3,0,-69,-87,-81,-91,-78,-70,-76
214,4.2,0,-71,-78,-80,-72,-68,-67,-69
215,4.1,0,-61,-80,-84,-88,-81,-78,-84
216,4,0,-72,-78,-82,-88,-67,-63,-75
217,4,0.1,-63,-68,-79,-71,-79,-70,-85
218,4,0.2,-79,-81,-76,-75,-73,-58,-78
219,4,0.3,-60,-82,-80,-83,-77,-81,-83
220,4,0.4,-56,-76,-79,-83,-79,-81,-76
221,4,0.5,-71,-85,-77,-77,-75,-71,-73
222,4,0.6,-63,-76,-82,-87,-88,-83,-82
223,4,0.7,-71,-84,-86,-76,-88,-71,-71
224,4,0.8,-60,-75,-81,-84,-90,-85,-75
225,4,0.9,-63,-80,-77,-76,-77,-77,-76
226,4,1,-63,-68,-82,-80,-75,-72,-84
227,4,1.1,-63,-78,-76,-79,-81,-72,-78
228,4,1.2,-81,-88,-80,-96,-72,-60,-81
229,4,1.3,-56,-83,-72,-77,-78,-76,-72
230,4,1.4,-58,-82,-79,-71,-74,-72,-72
231,4,1.5,-76,-84,-82,-76,-90,-67,-87
232,4,1.6,-53,-73,-89,-80,-79,-77,-82
233,4,1.7,-91,-83,-82,-75,-84,-72,-71
234,4,1.8,-57,-74,-80,-90,-69,-73,-72
235,4,1.9,-56,-83,-80,-90,-86,-73,-72
236,4,2,-58,-77,-72,-84,-71,-77,-79
237,4,2.1,-71,-80,-76,-78,-67,-76,-80
238,4,2.2,-83,-83,-74,-82,-78,-71,-66
239,4,2.3,-61,-78,-76,-90,-70,-73,-84
240,4,2.4,-57,-74,-80,-81,-77,-79,-84
241,4,2.5,-54,-71,-80,-67,-72,-77,-75
242,3.9,2.5,-62,-71,-82,-90,-76,-81,-84
243,3.8,2.5,-63,-81,-92,-77,-77,-71,-72
244,3.7,2.5,-52,-80,-72,-70,-72,-80,-67
245,3.6,2.5,-60,-69,-77,-76,-78,-76,-80
246,3.5,2.5,-68,-75,-85,-78,-69,-69,-71
247,3.4,2.5,-53,-80,-81,-78,-74,-73,-65
248,3.3,2.5,-57,-72,-86,-78,-73,-85,-83
249,3.2,2.5,-53,-77,-72,-66,-78,-73,-74
250,3.1,2.5,-54,-76,-86,-75,-81,-76,-78
251,3,2.5,-51,-85,-83,-71,-72,-67,-69
252,2.9,2.5,-70,-68,-75,-79,-76,-75,-78
253,2.8,2.5,-70,-67,-80,-78,-76,-80,-72
254,2.7,2.5,-55,-75,-89,-72,-68,-85,-75
255,2.6,2.5,-70,-65,-80,-85,-81,-73,-67
256,2.5,2.5,-52,-78,-75,-72,-71,-76,-85
257,2.4,2.5,-68,-70,-73,-73,-73,-85,-68
258,2.3,2.5,-64,-69,-74,-73,-77,-87,-65
259,2.2,2.5,-62,-73,-88,-68,-78,-76,-69
260,2.1,2.5,-68,-70,-73,-76,-79,-69,-70
261,2,2.5,-56,-70,-76,-70,-72,-73,-74
262,1.9,2.5,-65,-67,-78,-72,-72,-70,-66
263,1.8,2.5,-65,-71,-73,-72,-70,-76,-70
264,1.7,2.5,-61,-64,-76,-78,-71,-72,-73
265,1.6,2.5,-70,-62,-87,-80,-76,-77,-72
266,1.5,2.5,-68,-63,-87,-80,-73,-77,-72
267,1.5,2.4,-72,-63,-76,-78,-77,-71,-70
268,1.5,2.3,-72,-67,-88,-75,-77,-75,-67
269,1.5,2.2,-64,-70,-76,-81,-71,-67,-72
270,1.5,2.1,-68,-60,-78,-69,-69,-78,-64
271,1.5,2,-73,-62,-78,-71,-69,-78,-64
272,1.5,1.9,-72,-70,-73,-76,-76,-75,-66
273,1.5,1.8,-64,-64,-82,-73,-76,-78,-81
274,1.5,1.7,-68,-62,-84,-78,-71,-78,-73
275,1.5,1.6,-67,-62,-80,-80,-72,-75,-74
276,1.5,1.5,-78,-61,-94,-75,-65,-70,-76
277,1.6,1.5,-66,-60,-74,-77,-70,-76,-69
278,1.7,1.5,-86,-69,-79,-80,-66,-69,-78
279,1.8,1.5,-74,-62,-84,-84,-66,-77,-76
280,1.9,1.5,-72,-64,-79,-73,-70,-69,-69
281,2,1.5,-83,-61,-84,-77,-78,-74,-80
282,2.1,1.5,-72,-64,-78,-75,-76,-88,-78
283,2.2,1.5,-75,-62,-78,-80,-79,-77,-77
284,2.3,1.5,-66,-56,-76,-72,-74,-72,-90
285,2.4,1.5,-69,-67,-87,-74,-74,-78,-65
286,2.5,1.5,-72,-65,-89,-78,-66,-76,-75
287,2.6,1.5,-77,-72,-73,-82,-76,-83,-82
288,2.7,1.5,-64,-71,-75,-78,-78,-86,-74
289,2.8,1.5,-62,-76,-72,-72,-79,-69,-71
290,2.9,1.5,-62,-70,-71,-76,-86,-69,-84
291,3,1.5,-72,-60,-75,-71,-74,-71,-75
292,3.1,1.5,-72,-87,-70,-70,-71,-75,-68
293,3.2,1.5,-78,-56,-83,-72,-71,-76,-80
294,3.3,1.5,-71,-91,-69,-73,-75,-71,-71
295,3.4,1.5,-87,-79,-68,-78,-84,-80,-72
296,3.5,1.5,-73,-76,-71,-70,-64,-73,-69
297,3.5,1.4,-71,-71,-71,-73,-72,-95,-76
298,3.5,1.3,-72,-71,-71,-74,-83,-72,-73
299,3.5,1.2,-67,-64,-72,-76,-72,-75,-68
300,3.5,1.1,-68,-70,-69,-73,-73,-78,-69
301,3.5,1,-69,-80,-72,-77,-80,-76,-79
302,3.5,0.9,-77,-72,-67,-77,-67,-80,-75
303,3.5,0.8,-67,-66,-83,-80,-67,-96,-77
304,3.5,0.7,-69,-74,-82,-82,-80,-77,-66
305,3.5,0.6,-80,-81,-77,-77,-64,-71,-67
306,3.5,0.5,-79,-63,-78,-69,-70,-74,-70
307,3.5,0.4,-73,-70,-69,-78,-70,-76,-64
308,3.5,0.3,-75,-60,-83,-76,-76,-73,-69
309,3.5,0.2,-72,-59,-70,-79,-67,-71,-72
310,3.5,0.1,-72,-59,-70,-79,-78,-71,-72
311,3.5,0,-80,-69,-66,-73,-75,-74,-72
312,3.4,0,-76,-63,-71,-69,-75,-75,-69
313,3.3,0,-82,-82,-71,-82,-77,-85,-94
314,3.2,0,-83,-67,-70,-69,-70,-72,-76
315,3.1,0,-80,-68,-70,-68,-72,-74,-80
316,3,0,-75,-79,-76,-73,-67,-77,-71
317,2.9,0,-75,-66,-83,-69,-68,-73,-72
318,2.8,0,-77,-80,-73,-68,-70,-68,-82
319,2.7,0,-76,-76,-75,-70,-65,-85,-70
320,2.6,0,-81,-82,-74,-73,-82,-76,-73
321,2.5,0,-75,-82,-73,-77,-61,-76,-71
322,2.4,0,-72,-74,-73,-77,-72,-68,-67
323,2.3,0,-77,-72,-66,-68,-72,-83,-67
324,2.2,0,-84,-66,-80,-83,-64,-77,-75
325,2.1,0,-78,-70,-66,-67,-68,-77,-74
326,2,0,-82,-70,-69,-67,-62,-77,-73
327,1.9,0,-70,-72,-76,-80,-69,-88,-68
328,1.8,0,-74,-72,-85,-77,-69,-72,-71
329,1.7,0,-77,-72,-68,-66,-71,-64,-72
330,1.6,0,-78,-70,-66,-73,-62,-72,-76
331,1.5,0,-84,-78,-67,-71,-69,-70,-72
332,1.4,0,-85,-72,-66,-80,-78,-71,-77
333,1.3,0,-81,-69,-68,-72,-63,-69,-70
334,1.2,0,-80,-80,-68,-68,-66,-71,-73
335,1.1,0,-91,-76,-67,-77,-83,-77,-76
336,1,0,-91,-76,-67,-77,-65,-77,-76
337,1,0.1,-80,-84,-71,-78,-68,-76,-80
338,1,0.2,-82,-83,-67,-67,-68,-68,-71
339,1,0.3,-76,-79,-60,-80,-64,-72,-79
340,1,0.4,-85,-68,-68,-84,-65,-72,-75
341,1,0.5,-82,-74,-77,-78,-68,-76,-78
342,1,0.6,-78,-69,-70,-66,-67,-76,-75
343,1,0.7,-82,-71,-62,-62,-66,-70,-78
344,1,0.8,-70,-74,-58,-66,-63,-83,-89
345,1,0.9,-76,-67,-55,-63,-76,-83,-76
346,1,1,-75,-77,-60,-81,-66,-82,-78
347,1,1.1,-80,-82,-53,-71,-65,-72,-81
348,1,1.2,-80,-81,-64,-74,-64,-70,-81
349,1,1.3,-79,-89,-58,-70,-69,-85,-76
350,1,1.4,-84,-72,-57,-70,-67,-76,-73
351,1,1.5,-69,-80,-86,-89,-72,-63,-69
352,1,1.6,-74,-75,-59,-74,-73,-75,-84
353,1,1.7,-78,-76,-56,-64,-74,-72,-76
354,1,1.8,-71,-84,-86,-89,-73,-58,-73
355,1,1.9,-78,-77,-57,-70,-74,-84,-73
356,1,2,-83,-86,-64,-70,-76,-69,-75
357,1,2.1,-68,-76,-78,-82,-69,-68,-68
358,1,2.2,-83,-76,-59,-73,-72,-76,-90
359,1,2.3,-87,-74,-59,-64,-70,-80,-73
360,1,2.4,-65,-76,-82,-76,-70,-68,-66
361,1,2.5,-73,-76,-84,-84,-71,-74,-70
362,1,2.8,-74,-78,-83,-76,-66,-63,-72
363,1,3.1,-70,-76,-76,-83,-71,-68,-71
364,1,3.4,-68,-72,-73,-81,-69,-72,-78
365,1,3.7,-68,-80,-83,-73,-72,-83,-72
366,1,4,-60,-69,-76,-77,-69,-76,-84
367,1,4.3,-64,-71,-80,-69,-65,-73,-68
368,1,4.6,-73,-72,-76,-83,-70,-74,-78
369,1,4.9,-80,-72,-72,-71,-80,-70,-80
370,1,5.2,-69,-89,-86,-86,-76,-64,-55
371,1,5.5,-75,-64,-69,-59,-62,-74,-78
372,1,5.8,-75,-71,-77,-77,-68,-84,-64
373,1.1,5.8,-76,-74,-67,-62,-69,-74,-81
374,1.2,5.8,-74,-80,-73,-71,-81,-73,-83
375,1.3,5.8,-84,-78,-74,-70,-70,-75,-74
376,1.4,5.8,-74,-76,-68,-63,-73,-80,-75
377,1.5,5.8,-72,-71,-68,-68,-67,-91,-78
378,1.5,6.1,-77,-74,-76,-65,-71,-75,-77
379,1.5,6.4,-74,-74,-66,-63,-65,-76,-78
380,1.5,6.7,-72,-79,-70,-64,-72,-76,-75
381,1.5,7,-81,-74,-75,-57,-71,-81,-85
382,1.5,7.3,-83,-81,-73,-58,-79,-78,-72
383,1.5,7.6,-74,-75,-87,-57,-74,-77,-76
384,1.5,7.9,-75,-80,-68,-58,-72,-80,-77
385,1.5,8.2,-77,-72,-67,-54,-68,-78,-80
386,1.5,8.5,-74,-76,-72,-61,-67,-77,-74
387,1.5,8.8,-77,-74,-68,-50,-67,-84,-80
388,1.5,9.1,-76,-74,-71,-61,-76,-87,-95
389,1.5,9.4,-77,-83,-69,-67,-71,-76,-76
390,1.5,9.7,-75,-71,-72,-63,-64,-75,-76
391,1.5,10,-77,-79,-69,-68,-78,-81,-75
392,1.5,10.3,-76,-79,-78,-64,-73,-71,-72
393,1.5,10.6,-77,-80,-66,-64,-69,-82,-89
394,1.5,10.9,-78,-76,-77,-69,-72,-86,-79
395,1.5,11.2,-87,-88,-68,-69,-72,-82,-93
396,1.5,11.5,-96,-76,-67,-64,-68,-78,-72
397,1.5,11.8,-78,-74,-65,-67,-66,-72,-79
398,1.5,12.1,-73,-76,-78,-69,-72,-69,-83
399,1.5,12.4,-76,-73,-74,-69,-70,-67,-77
400,1.5,12.7,-76,-73,-74,-69,-77,-67,-77
401,1.5,13,-79,-70,-72,-71,-71,-74,-78
402,1.5,13.3,-73,-75,-68,-68,-71,-76,-71
403,1.5,13.6,-76,-84,-81,-70,-63,-73,-96
404,1.6,13.6,-83,-69,-76,-83,-60,-71,-73
405,1.7,13.6,-84,-76,-71,-67,-69,-69,-84
406,1.8,13.6,-86,-77,-69,-67,-65,-67,-68
407,1.9,13.6,-74,-82,-72,-71,-56,-65,-69
408,2,13.6,-85,-77,-74,-66,-56,-72,-72
409,2.1,13.6,-72,-68,-74,-80,-67,-73,-73
410,2.2,13.6,-82,-78,-74,-75,-60,-68,-71
411,2.3,13.6,-80,-88,-60,-73,-60,-74,-69
412,2.4,13.6,-80,-78,-68,-71,-66,-66,-78
413,2.5,13.6,-74,-73,-77,-65,-71,-73,-72
414,2.6,13.6,-75,-70,-82,-76,-65,-71,-73
415,2.7,13.6,-77,-72,-71,-74,-58,-65,-72
416,2.8,13.6,-78,-80,-71,-76,-56,-77,-70
417,2.9,13.6,-70,-69,-70,-74,-56,-65,-71
418,3,13.6,-74,-78,-72,-70,-72,-63,-64
419,3.1,13.6,-74,-78,-70,-76,-73,-69,-71
420,3.2,13.6,-81,-71,-65,-66,-66,-63,-71
421,3.3,13.6,-68,-74,-71,-72,-67,-63,-81
422,3.4,13.6,-86,-72,-80,-78,-54,-74,-73
423,3.5,13.6,-80,-72,-75,-72,-71,-74,-77
424,3.6,13.6,-76,-74,-80,-73,-70,-68,-76
425,3.7,13.6,-76,-84,-80,-72,-62,-63,-65
426,3.8,13.6,-69,-80,-83,-83,-63,-79,-72
427,3.9,13.6,-80,-72,-77,-63,-69,-81,-77
428,4,13.6,-68,-80,-85,-62,-53,-72,-85
429,4.1,13.6,-68,-80,-85,-62,-56,-72,-85
430,4.2,13.6,-74,-73,-77,-64,-61,-68,-77
431,4.3,13.6,-75,-72,-80,-67,-61,-75,-73
432,4.4,13.6,-68,-86,-88,-66,-66,-84,-74
433,4.5,13.6,-71,-83,-68,-66,-68,-72,-83
434,4.6,13.6,-65,-64,-72,-82,-70,-80,-76
435,4.7,13.6,-77,-71,-81,-67,-64,-71,-72
436,4.8,13.6,-71,-72,-76,-74,-72,-80,-76
437,4.9,13.6,-76,-66,-82,-62,-62,-79,-72
438,5,13.6,-76,-68,-70,-65,-75,-75,-71
439,5,13.3,-73,-70,-70,-69,-68,-69,-82
440,5,13,-62,-86,-80,-82,-76,-73,-70
441,5,12.7,-65,-70,-79,-79,-70,-72,-67
442,5,12.4,-81,-76,-66,-72,-71,-67,-80
443,5,12.1,-68,-72,-71,-68,-62,-78,-68
444,5,11.8,-72,-84,-68,-69,-65,-88,-72
445,5,11.5,-82,-68,-80,-80,-73,-74,-77
446,5,11.2,-66,-65,-76,-77,-78,-80,-76
447,5,10.9,-72,-71,-65,-62,-70,-77,-74
448,5,10.6,-87,-75,-63,-63,-68,-74,-73
449,5,10.3,-76,-79,-64,-63,-65,-74,-75
450,5,10,-71,-58,-78,-70,-77,-82,-68
451,5,9.7,-76,-91,-66,-77,-65,-73,-83
452,5,9.4,-75,-76,-74,-74,-78,-76,-77
453,5,9.1,-90,-75,-75,-65,-72,-72,-80
454,5,8.8,-77,-76,-74,-67,-68,-80,-91
455,5,8.5,-75,-80,-63,-51,-71,-78,-94
456,5,8.2,-82,-59,-75,-81,-75,-69,-71
457,5,7.9,-76,-78,-61,-58,-70,-82,-84
458,5,7.6,-87,-78,-76,-77,-65,-79,-80
459,5,7.3,-72,-74,-65,-64,-68,-73,-72
460,5,7,-79,-73,-76,-78,-76,-81,-68
461,5,6.7,-72,-68,-79,-78,-78,-75,-67
462,5,6.4,-67,-86,-71,-77,-73,-72,-72
463,4.9,6.4,-67,-68,-75,-88,-70,-73,-72
464,4.8,6.4,-69,-69,-77,-77,-72,-83,-74
465,4.7,6.4,-72,-77,-76,-64,-70,-74,-67
466,4.6,6.4,-71,-78,-81,-80,-75,-68,-77
467,4.5,6.4,-74,-76,-71,-73,-71,-69,-71
468,4.4,6.4,-74,-77,-72,-73,-70,-71,-67
469,4.3,6.4,-70,-76,-73,-73,-78,-69,-74
470,4.2,6.4,-74,-80,-89,-71,-67,-68,-67
471,4.1,6.4,-72,-67,-81,-71,-69,-67,-65
472,4,6.4,-76,-72,-76,-64,-73,-69,-77
473,3.9,6.4,-76,-72,-76,-64,-72,-69,-78
474,3.8,6.4,-66,-80,-78,-77,-65,-74,-70
475,3.7,6.4,-62,-65,-76,-67,-76,-72,-75
476,3.6,6.4,-64,-69,-75,-81,-67,-75,-72
477,3.5,6.4,-62,-76,-84,-70,-68,-76,-70
478,3.4,6.4,-61,-73,-78,-82,-67,-72,-73
479,3.3,6.4,-61,-71,-80,-90,-72,-83,-70
480,3.2,6.4,-60,-70,-70,-87,-70,-82,-76
481,3.1,6.4,-62,-75,-78,-84,-70,-70,-72
482,3,6.4,-60,-81,-70,-67,-67,-73,-72
483,2.9,6.4,-60,-86,-70,-68,-68,-78,-70
484,2.8,6.4,-60,-82,-70,-69,-64,-70,-79
485,2.7,6.4,-66,-78,-69,-70,-69,-74,-67
486,2.6,6.4,-62,-75,-82,-82,-79,-84,-73
487,2.5,6.4,-67,-70,-74,-70,-78,-72,-68
488,2.4,6.4,-67,-70,-78,-70,-78,-72,-68
489,2.3,6.4,-69,-71,-87,-72,-68,-70,-72
490,2.2,6.4,-70,-74,-81,-69,-71,-65,-65
491,2.1,6.4,-62,-80,-80,-77,-65,-62,-70
492,2,6.4,-61,-65,-74,-82,-78,-85,-85
493,2,6.1,-56,-85,-73,-82,-72,-66,-80
494,2,5.8,-51,-78,-73,-79,-78,-82,-76
495,2,5.5,-50,-66,-74,-78,-71,-77,-75
496,2.1,5.5,-50,-66,-81,-74,-88,-77,-75
497,2.3,5.5,-62,-71,-76,-73,-64,-64,-73
498,2.6,5.5,-69,-72,-73,-76,-74,-66,-75
499,2.9,5.5,-64,-75,-72,-83,-84,-71,-88
500,3.2,5.5,-68,-72,-86,-76,-78,-66,-72
501,3.5,5.5,-62,-79,-85,-86,-80,-79,-82
502,3.8,5.5,-63,-74,-88,-85,-76,-71,-72
503,4.1,5.5,-71,-76,-90,-91,-77,-74,-68
504,4.4,5.5,-79,-69,-91,-93,-84,-64,-90
505,4.7,5.5,-76,-76,-84,-98,-71,-78,-72
506,5,5.5,-82,-78,-89,-77,-86,-69,-83
507,5.3,5.5,-87,-80,-82,-75,-80,-84,-76
508,5.6,5.5,-68,-70,-79,-83,-80,-73,-74
509,5.9,5.5,-83,-77,-80,-81,-77,-69,-72
510,6.2,5.5,-75,-76,-78,-87,-70,-79,-74
511,6.5,5.5,-70,-76,-91,-81,-87,-78,-60
512,6.8,5.5,-72,-82,-78,-83,-77,-65,-76
513,7.1,5.5,-73,-80,-81,-92,-82,-74,-68
514,7.4,5.5,-76,-73,-89,-82,-76,-66,-70
0,4,0,-64,-75,-83,-80,-77,-69,-71
3,2,0,-52,-85,-73,-88,-88,-82,-73
6,1,1.5,-54,-70,-75,-76,-73,-71,-85
9,1,3,-71,-60,-75,-77,-74,-65,-76
12,1,4.5,-72,-65,-86,-76,-66,-67,-70
15,1,6,-76,-68,-84,-78,-76,-71,-75
18,1,7.5,-80,-70,-74,-75,-66,-84,-77
21,1,9,-76,-78,-72,-74,-65,-75,-78
24,1,10.5,-77,-72,-64,-72,-70,-92,-77
27,1,12,-75,-71,-58,-64,-74,-85,-78
30,1,13.5,-75,-83,-62,-61,-66,-80,-83
33,4,13.5,-76,-71,-73,-55,-68,-77,-83
36,6,13,-76,-79,-65,-79,-58,-74,-73
39,6,11.5,-71,-72,-72,-71,-56,-75,-77
42,6,10,-72,-65,-70,-70,-73,-68,-73
45,6,8.5,-86,-71,-82,-75,-71,-73,-79
48,6,7,-71,-64,-69,-75,-72,-77,-74
51,3,7,-78,-67,-71,-81,-73,-65,-65
54,1,6.5,-70,-76,-74,-69,-76,-64,-72
57,1,5,-76,-77,-80,-87,-73,-63,-72
60,4,5,-76,-71,-76,-81,-78,-62,-74
63,7,5,-72,-78,-80,-83,-84,-78,-55
66,8,4,-82,-83,-83,-86,-89,-70,-60
69,8,2.5,-75,-82,-80,-85,-88,-68,-66
72,8,1.5,-77,-76,-81,-88,-86,-65,-64
75,8,1,-70,-85,-88,-88,-86,-71,-53
78,7,2,-67,-78,-85,-86,-75,-66,-72
81,5,2.5,-69,-75,-76,-87,-66,-62,-69
84,2,2,-62,-78,-95,-75,-73,-73,-78
1,4,0,-64,-75,-83,-80,-77,-69,-71
2,3.5,0,-74,-89,-79,-82,-91,-78,-73
3,3,0,-56,-82,-82,-84,-80,-75,-66
4,2.5,0,-58,-72,-74,-80,-75,-73,-72
5,2,0,-52,-85,-73,-88,-88,-82,-73
6,1.5,0,-55,-69,-80,-84,-72,-77,-70
7,1.5,0.5,-67,-68,-74,-78,-79,-81,-67
8,1.5,1,-62,-74,-78,-62,-72,-76,-80
9,1.5,1.5,-61,-73,-77,-61,-71,-75,-79
10,1.5,2,-60,-72,-76,-60,-70,-74,-78
11,1.5,2.5,-59,-71,-75,-59,-69,-73,-77
12,1.5,3,-58,-70,-74,-58,-68,-72,-76
13,1.5,3.5,-57,-69,-73,-57,-67,-71,-75
14,1.5,4,-56,-68,-72,-56,-66,-70,-74
15,1.5,4.5,-55,-67,-71,-55,-65,-69,-73
16,1.5,5,-54,-66,-70,-54,-64,-68,-72
17,1.5,5.5,-53,-65,-69,-53,-63,-67,-71
18,1,5.5,-81,-58,-70,-75,-60,-76,-72
19,0,5.5,-74,-85,-83,-83,-67,-69,-66
20,1,6,-76,-68,-84,-78,-76,-71,-75
21,1.5,6,-84,-64,-71,-74,-86,-72,-73
22,1.5,6.5,-84,-63,-75,-82,-66,-74,-74
23,2,6.5,-78,-69,-66,-71,-79,-72,-80
24,2.5,6.5,-84,-74,-81,-77,-72,-66,-73
25,3,6.5,-76,-72,-71,-69,-68,-70,-71
26,3.5,6.5,-76,-73,-63,-66,-73,-67,-75
27,4,6.5,-77,-62,-74,-70,-69,-71,-68
28,4.5,6.5,-83,-74,-71,-68,-72,-78,-73
29,5,6.5,-72,-70,-70,-76,-60,-77,-73
30,5,7,-78,-80,-87,-70,-56,-75,-89
31,5,7.5,-72,-76,-84,-70,-67,-70,-69
32,5,8,-72,-72,-76,-70,-68,-68,-73
33,5,8.5,-66,-76,-76,-77,-70,-70,-80
34,5,9,-65,-72,-80,-72,-72,-65,-67
35,4.5,9,-83,-72,-64,-71,-68,-74,-84
36,4,9,-80,-66,-76,-70,-84,-74,-80
37,3.5,9,-78,-70,-63,-67,-68,-80,-97
38,3,9,-80,-69,-65,-68,-67,-73,-85
39,2.5,9,-86,-71,-62,-68,-76,-78,-75
40,2,9,-88,-78,-63,-69,-82,-74,-74
41,1.5,9,-77,-81,-65,-65,-89,-80,-77
42,1.5,9.5,-80,-72,-53,-64,-81,-77,-80
43,1.5,10,-78,-65,-73,-69,-72,-78,-76
44,1.5,10.5,-75,-69,-79,-65,-75,-76,-75
45,1.5,11,-76,-70,-83,-61,-79,-72,-87
46,2,11,-74,-66,-75,-61,-68,-71,-76
47,2.5,11,-76,-80,-81,-61,-66,-76,-79
48,3,11,-77,-76,-80,-58,-66,-80,-80
49,3.5,11,-77,-71,-80,-50,-82,-69,-84
50,4,11,-81,-72,-71,-68,-70,-80,-76
51,4.5,11,-74,-74,-72,-70,-71,-73,-94
52,5,11,-76,-80,-59,-72,-66,-68,-85
53,5,11.5,-75,-65,-69,-73,-77,-80,-85
54,5,12,-74,-66,-73,-71,-66,-73,-72
55,5,12.5,-71,-75,-74,-65,-72,-76,-68
56,5,13,-80,-67,-72,-63,-64,-78,-74
57,5,13.5,-74,-65,-67,-80,-54,-69,-80
58,4.5,13.5,-75,-78,-75,-71,-62,-68,-70
59,4,13.5,-73,-72,-71,-69,-64,-69,-71
60,3.5,13.5,-74,-72,-73,-70,-63,-67,-72
61,3,13.5,-73,-68,-79,-64,-60,-67,-80
62,2.5,13.5,-73,-67,-81,-80,-64,-80,-70
63,2,13.5,-73,-76,-69,-67,-65,-77,-79
64,1.5,13.5,-78,-71,-71,-66,-65,-75,-78
65,1,13.5,-75,-83,-62,-61,-66,-80,-83
66,1,13,-68,-64,-67,-71,-66,-74,-69
67,1,12.5,-78,-60,-69,-76,-67,-75,-70
68,1,12,-75,-71,-58,-64,-74,-85,-78
69,1,11.5,-71,-71,-80,-82,-70,-64,-71
70,1,11,-74,-78,-79,-68,-70,-91,-68
71,1,10.5,-77,-72,-64,-72,-70,-92,-77
72,1,10,-68,-78,-76,-73,-75,-69,-66
73,1,9.5,-75,-70,-73,-92,-76,-83,-66
74,1,9,-76,-78,-72,-74,-65,-75,-78
75,1,8.5,-74,-71,-76,-66,-73,-77,-71
76,1,8,-66,-75,-84,-76,-65,-64,-77
77,1,7.5,-80,-70,-74,-75,-66,-84,-77
78,1,7,-73,-78,-77,-78,-74,-65,-71
79,1,6.5,-76,-78,-86,-80,-78,-60,-72
80,1,6,-76,-68,-84,-78,-76,-71,-75
81,1,5.5,-77,-75,-87,-91,-74,-69,-65
82,1.5,5.5,-72,-81,-82,-82,-80,-57,-63
83,2,5.5,-65,-81,-75,-79,-69,-67,-75
84,2.5,5.5,-68,-69,-76,-83,-71,-66,-69
85,3,5.5,-81,-89,-81,-83,-76,-65,-67
86,3.5,5.5,-71,-69,-80,-80,-73,-66,-59
87,4,5.5,-69,-77,-82,-86,-84,-67,-52
88,4.5,5.5,-72,-75,-83,-86,-91,-71,-60
89,5,5.5,-71,-79,-87,-86,-87,-66,-80
90,5.5,5.5,-84,-91,-85,-82,-80,-72,-64
91,6,5.5,-78,-78,-88,-96,-77,-64,-57
92,6.5,5.5,-85,-88,-80,-84,-81,-70,-72
93,7,5.5,-73,-80,-84,-88,-80,-71,-58
94,7.5,5.5,-82,-87,-86,-84,-76,-70,-60
95,7.5,5,-80,-79,-77,-85,-85,-70,-63
95,7.5,4.5,-77,-80,-79,-97,-72,-70,-61
97,7.5,4,-76,-97,-97,-98,-80,-75,-71
98,7.5,3.5,-72,-72,-80,-76,-77,-72,-53
99,7.5,3,-71,-76,-80,-83,-82,-64,-47
100,7.5,2.5,-76,-74,-77,-84,-68,-65,-71
101,7.5,2,-72,-88,-77,-77,-73,-78,-70
102,7.5,1.5,-77,-94,-80,-72,-65,-69,-71
103,8,1.5,-77,-76,-81,-88,-86,-65,-64
104,9,1.5,-70,-74,-70,-71,-71,-69,-77
105,9.5,1.5,-74,-75,-72,-75,-71,-68,-62
106,9.5,1,-63,-72,-73,-73,-72,-81,-65
107,9,1,-69,-73,-73,-71,-69,-77,-70
108,8,1,-70,-85,-88,-88,-86,-71,-53
109,7,1,-76,-73,-88,-81,-89,-75,-64
110,7,1.5,-80,-83,-80,-84,-82,-77,-76
111,7,2,-67,-78,-85,-86,-70,-66,-72
112,7,2.5,-97,-76,-88,-93,-82,-69,-69
113,6,2.5,-63,-71,-82,-74,-67,-76,-69
114,5,2.5,-62,-70,-81,-73,-66,-75,-68
115,5,2,-82,-84,-80,-85,-74,-73,-70
116,5,1.5,-73,-80,-92,-84,-76,-68,-56
117,6,1.5,-70,-77,-87,-77,-78,-73,-60
118,6.5,1.5,-78,-79,-72,-70,-87,-71,-67
119,6.5,1,-67,-87,-81,-73,-70,-70,-63
120,6,1,-68,-78,-76,-78,-76,-68,-65
121,5,1,-70,-72,-78,-80,-72,-71,-84
122,4.5,1,-68,-69,-77,-84,-75,-94,-71
123,4.5,1.5,-75,-65,-71,-74,-78,-81,-70
124,4.5,2,-62,-90,-78,-76,-78,-81,-83
125,4.5,2.5,-62,-90,-78,-75,-80,-76,-74
126,3.5,2.5,-62,-80,-73,-75,-86,-80,-73
127,2.5,2.5,-65,-65,-79,-79,-74,-80,-77
1,4,0,-64,-75,-83,-80,-77,-69,-71
2,3,0,-56,-82,-82,-84,-80,-75,-66
3,2,0,-52,-85,-73,-88,-88,-82,-73
4,1.5,0.5,-67,-68,-74,-78,-79,-81,-67
5,1.5,1,-62,-74,-78,-62,-72,-76,-80
6,1.5,1.5,-61,-73,-77,-61,-71,-75,-79
7,1.5,2,-60,-72,-76,-60,-70,-74,-78
8,1.5,2.5,-59,-71,-75,-59,-69,-73,-77
9,1.5,3,-58,-70,-74,-58,-68,-72,-76
10,1.5,3.5,-57,-69,-73,-57,-67,-71,-75
11,1.5,4,-56,-68,-72,-56,-66,-70,-74
12,1.5,4.5,-55,-67,-71,-55,-65,-69,-73
13,1.5,5,-54,-66,-70,-54,-64,-68,-72
14,1.5,5.5,-53,-65,-69,-53,-63,-67,-71
15,1,5.5,-81,-58,-70,-75,-60,-76,-72
16,1.5,6,-84,-64,-71,-74,-86,-72,-73
17,1.5,6.5,-84,-63,-75,-82,-66,-74,-74
18,1.5,7,-77,-72,-75,-72,-70,-82,-74
19,1.5,7.5,-72,-71,-68,-67,-68,-80,-73
20,1.5,8,-80,-86,-73,-66,-74,-78,-83
21,1.5,8.5,-71,-84,-61,-68,-75,-85,-80
22,1.5,9,-77,-81,-65,-65,-89,-80,-77
23,1.5,9.5,-80,-72,-53,-64,-81,-77,-80
24,1.5,10,-78,-65,-73,-69,-72,-78,-76
25,1.5,10.5,-75,-69,-79,-65,-75,-76,-75
26,1.5,11,-76,-70,-83,-61,-79,-72,-87
27,1.5,11.5,-80,-72,-76,-54,-80,-70,-77
28,1.5,12,-74,-75,-68,-64,-69,-72,-74
29,1.5,12.5,-83,-77,-66,-66,-73,-73,-74
30,1.5,13,-75,-74,-73,-64,-69,-77,-75
31,2,13,-70,-74,-66,-67,-70,-73,-80
32,2.5,13,-86,-75,-82,-64,-65,-66,-74
33,3,13,-75,-76,-65,-74,-63,-65,-79
34,3.5,13,-71,-80,-71,-72,-60,-65,-73
35,4,13,-82,-74,-71,-62,-60,-71,-74
36,4.5,13,-68,-72,-69,-65,-64,-71,-70
37,5,13,-80,-67,-72,-63,-64,-78,-74
38,5,12.5,-71,-75,-74,-65,-72,-76,-68
39,5,12,-74,-66,-73,-71,-66,-73,-72
40,5,11.5,-75,-65,-69,-73,-77,-80,-85
41,5,10,-59,-72,-78,-74,-76,-68,-66
42,5,9.5,-68,-79,-82,-67,-80,-74,-63
43,5,9,-65,-72,-80,-72,-72,-65,-67
44,5,8.5,-66,-76,-76,-77,-70,-70,-80
45,5,8,-72,-72,-76,-70,-68,-68,-73
46,5,7.5,-72,-76,-84,-70,-67,-70,-69
47,4.5,7.5,-74,-72,-80,-72,-76,-66,-67
48,4,7.5,-81,-76,-75,-75,-70,-62,-64
49,3.5,7.5,-82,-93,-86,-84,-77,-55,-72
50,3,7.5,-72,-86,-78,-80,-70,-62,-61
51,2.5,7.5,-76,-73,-79,-77,-75,-67,-70
52,2,7.5,-77,-75,-78,-77,-81,-67,-71
53,2,7,-76,-72,-88,-82,-72,-71,-54
54,2,6,-74,-80,-96,-85,-74,-68,-65
55,2,5,-82,-90,-96,-93,-76,-69,-56
56,3,5,-78,-92,-87,-85,-79,-76,-59
57,4,5,-76,-71,-76,-81,-78,-62,-74
58,5,5,-93,-83,-82,-82,-82,-78,-66
59,6,5,-76,-73,-77,-80,-78,-69,-56
60,7,5,-72,-78,-80,-83,-84,-78,-55
61,8,5,-94,-76,-77,-77,-74,-61,-62
62,8,4,-82,-83,-83,-86,-89,-70,-60
63,8,3,-70,-72,-75,-74,-75,-64,-59
64,8,2,-67,-80,-75,-77,-72,-58,-69
65,8,1.5,-77,-76,-81,-88,-86,-65,-64
66,9,1.5,-74,-75,-72,-75,-71,-68,-62
67,9,1,-69,-73,-73,-71,-69,-77,-70
68,7.5,1,-64,-66,-77,-72,-67,-72,-76
69,7.5,2,-72,-67,-74,-80,-75,-66,-67
70,6,2.5,-63,-71,-82,-74,-67,-76,-69
71,5,2.5,-62,-70,-81,-73,-66,-75,-68
1,5,2.5,-56,-71,-80,-73,-73,-87,-85
2,4.7,2.5,-54,-94,-82,-65,-69,-69,-82
3,4.5,2.5,-57,-80,-72,-72,-76,-78,-77
4,4.2,2.5,-54,-78,-72,-69,-74,-76,-77
5,4,2.5,-54,-71,-80,-67,-72,-77,-75
6,3.7,2.5,-52,-80,-72,-70,-72,-80,-67
7,3.5,2.5,-68,-75,-85,-78,-69,-69,-71
8,3.2,2.5,-53,-77,-72,-66,-78,-73,-74
9,3,2.5,-51,-85,-83,-71,-72,-67,-69
10,2.7,2.5,-55,-75,-89,-72,-68,-85,-75
11,2.5,2.5,-52,-78,-75,-72,-71,-76,-85
12,2.2,2.5,-62,-73,-88,-68,-78,-76,-69
13,2,2.5,-56,-70,-76,-70,-72,-73,-74
14,2,2.2,-59,-74,-77,-72,-78,-89,-77
15,2,2,-64,-82,-75,-64,-80,-74,-75
16,2,1.7,-54,-80,-85,-78,-72,-84,-69
17,2,1.5,-58,-72,-82,-73,-72,-76,-79
18,2.2,1.5,-54,-72,-71,-72,-72,-81,-71
19,2.5,1.5,-62,-62,-71,-86,-76,-84,-75
20,2.7,1.5,-52,-67,-77,-76,-75,-72,-70
21,3,1.5,-62,-70,-82,-72,-79,-75,-85
22,3.2,1.5,-57,-79,-90,-76,-77,-84,-75
23,3.5,1.5,-52,-80,-80,-82,-77,-85,-78
24,3.5,1.2,-53,-80,-90,-74,-76,-75,-76
25,3.5,1,-53,-83,-90,-74,-76,-75,-76
26,3.5,0.7,-49,-76,-89,-80,-82,-78,-72
27,3.5,0.5,-49,-80,-79,-84,-77,-71,-78
28,3.5,0.2,-59,-79,-81,-74,-81,-80,-71
29,3.5,0,-62,-71,-85,-70,-70,-78,-83
30,3.2,0,-98,-79,-87,-86,-74,-69,-68
31,3,0,-56,-82,-82,-84,-80,-75,-66
32,2.7,0,-57,-80,-73,-75,-72,-78,-89
33,2.5,0,-62,-76,-80,-66,-84,-77,-71
34,2.2,0,-79,-79,-86,-83,-83,-65,-68
35,2,0,-52,-85,-73,-88,-88,-82,-73
36,1.7,0,-69,-80,-90,-79,-76,-73,-74
37,1.5,0,-65,-76,-87,-77,-77,-80,-80
38,1.2,0,-70,-81,-80,-82,-76,-78,-84
39,1,0,-84,-86,-82,-78,-87,-89,-63
40,1,0.2,-79,-90,-86,-84,-86,-80,-88
41,1,0.5,-71,-78,-88,-74,-79,-83,-71
42,1,0.7,-64,-73,-92,-88,-73,-89,-81
43,1,1,-83,-86,-87,-86,-79,-80,-58
44,1,1.2,-85,-100,-83,-89,-85,-82,-54
45,1,1.5,-60,-82,-82,-90,-76,-79,-82
46,1,1.7,-68,-85,-90,-87,-84,-79,-99
47,1,2,-76,-80,-87,-86,-82,-70,-65
48,1,2.2,-81,-85,-90,-85,-77,-64,-58
49,1,2.5,-56,-78,-85,-80,-75,-81,-85
50,1,2.7,-64,-77,-77,-80,-73,-84,-73
51,1,3,-72,-83,-91,-89,-76,-71,-67
52,1,3.2,-72,-83,-89,-82,-83,-76,-58
53,1,3.5,-55,-80,-91,-81,-74,-80,-80
54,1,3.7,-60,-82,-90,-76,-74,-86,-83
55,1,4,-78,-82,-76,-84,-89,-74,-48
56,1,4.2,-74,-81,-97,-92,-84,-70,-53
57,1,4.5,-62,-83,-83,-78,-93,-76,-77
58,1,4.7,-57,-78,-78,-85,-78,-77,-75
59,1,5,-78,-81,-83,-84,-83,-64,-57
60,1,5.2,-69,-89,-86,-86,-76,-64,-55
61,1,5.5,-57,-77,-80,-80,-83,-91,-77
62,1,5.7,-74,-73,-80,-80,-83,-91,-77
63,1,6,-58,-87,-83,-71,-96,-78,-80
64,1,6.2,-58,-72,-81,-87,-70,-80,-85
65,1,6.5,-60,-82,-85,-85,-86,-81,-74
66,1.2,6.5,-56,-81,-81,-70,-77,-77,-70
67,1.5,6.5,-56,-81,-83,-74,-72,-80,-69
68,1.7,6.5,-60,-79,-83,-74,-72,-80,-69
69,2,6.5,-56,-73,-80,-72,-75,-89,-65
70,2.2,6.5,-65,-73,-94,-70,-73,-77,-82
71,2.5,6.5,-65,-73,-82,-89,-76,-77,-86
72,2.7,6.5,-62,-72,-82,-89,-76,-77,-86
73,3,6.5,-62,-71,-77,-73,-78,-75,-72
74,3.2,6.5,-62,-77,-85,-78,-72,-79,-72
75,3.5,6.5,-67,-67,-76,-82,-73,-73,-77
76,3.7,6.5,-62,-64,-75,-81,-72,-76,-73
77,4,6.5,-62,-63,-78,-84,-72,-74,-75
78,4.2,6.5,-62,-67,-83,-80,-84,-85,-78
79,4.5,6.5,-78,-66,-78,-77,-87,-84,-70
80,4.7,6.5,-65,-65,-74,-82,-66,-74,-74
81,5,6.5,-66,-67,-81,-77,-87,-85,-82
82,5,6.7,-72,-68,-79,-78,-78,-75,-67
83,5,7,-79,-73,-76,-78,-76,-81,-68
84,5,7.2,-79,-73,-76,-76,-78,-81,-68
85,5,7.5,-69,-63,-76,-76,-78,-81,-68
86,5,7.7,-63,-63,-82,-73,-61,-82,-70
87,5,8,-66,-62,-78,-80,-71,-75,-73
88,5,8.2,-82,-59,-75,-81,-75,-69,-71
89,5,8.7,-65,-59,-74,-70,-70,-69,-64
90,5,9,-67,-63,-82,-75,-72,-76,-68
91,5,9.2,-64,-60,-74,-75,-70,-79,-67
92,5,9.5,-75,-74,-72,-90,-71,-77,-69
93,5,10,-71,-58,-78,-70,-77,-82,-68
94,5,10.2,-65,-60,-82,-74,-76,-72,-63
95,5,10.5,-74,-59,-75,-85,-70,-78,-67
96,5,10.7,-76,-65,-76,-76,-71,-77,-73
97,5,11,-67,-64,-85,-84,-97,-73,-68
98,5,11.2,-66,-65,-76,-77,-78,-80,-76
99,5,11.5,-82,-68,-80,-80,-73,-74,-77
100,5,11.7,-64,-61,-69,-81,-71,-76,-85
101,5,12,-67,-59,-75,-75,-80,-74,-84
102,5,12.2,-77,-58,-85,-71,-74,-92,-74
103,5,12.5,-62,-71,-80,-77,-74,-73,-67
104,5,12.7,-65,-70,-79,-79,-70,-72,-67
105,5,13,-62,-86,-80,-82,-76,-73,-70
106,5,13.2,-70,-75,-75,-70,-67,-83,-64
107,5,13.5,-72,-62,-72,-73,-57,-71,-70
108,4.7,13.5,-72,-65,-72,-72,-71,-67,-67
109,4.5,13.5,-73,-78,-76,-68,-69,-72,-65
110,4,13.5,-83,-66,-82,-76,-69,-71,-65
111,4,13.2,-75,-60,-67,-78,-71,-81,-74
112,4,13,-90,-60,-67,-75,-70,-77,-76
113,4,12.7,-90,-71,-79,-75,-70,-77,-76
114,4,12.5,-70,-73,-73,-73,-69,-76,-69
115,4,12.2,-81,-66,-73,-65,-65,-81,-77
116,4,12,-74,-71,-70,-67,-86,-68,-69
117,4,11.7,-71,-71,-68,-77,-71,-72,-70
118,4,11.5,-76,-69,-62,-64,-71,-76,-70
119,4,11.2,-76,-68,-64,-74,-67,-73,-78
120,4,11,-80,-76,-65,-74,-65,-78,-75
121,4,10.7,-68,-76,-72,-70,-72,-73,-76
122,4,10.5,-80,-69,-74,-78,-72,-72,-76
123,4,10.2,-75,-80,-67,-76,-62,-80,-74
124,4,10,-80,-77,-64,-67,-71,-82,-76
125,4,9.7,-75,-70,-67,-72,-61,-74,-76
126,4,9.5,-79,-69,-66,-70,-65,-76,-78
127,4,9.2,-78,-81,-87,-69,-73,-82,-75
128,4,9,-81,-77,-71,-78,-76,-76,-79
129,4,8.7,-73,-78,-73,-72,-69,-78,-72
130,4,8.5,-74,-73,-61,-81,-76,-82,-78
131,4,8.2,-79,-83,-61,-76,-66,-74,-70
132,4,8,-79,-70,-72,-73,-61,-86,-70
133,4,7.7,-79,-76,-61,-73,-64,-89,-70
134,4,7.5,-77,-74,-61,-63,-67,-81,-80
135,4,7.2,-80,-77,-57,-70,-68,-78,-79
136,4,7,-74,-68,-59,-77,-73,-78,-77
137,3.7,7,-78,-77,-57,-64,-68,-71,-73
138,3.5,7,-86,-69,-57,-73,-63,-77,-78
139,3.2,7,-77,-72,-67,-73,-72,-82,-75
140,3,7,-81,-74,-52,-70,-69,-80,-73
141,3,7.2,-88,-79,-56,-69,-88,-89,-70
142,3,7.5,-85,-68,-62,-78,-69,-87,-70
143,3,7.7,-76,-84,-62,-67,-78,-73,-70
144,3,8,-83,-72,-56,-77,-78,-79,-82
145,3,8.2,-88,-77,-58,-76,-75,-89,-86
146,3,8.5,-86,-70,-59,-65,-72,-77,-85
147,3,8.7,-72,-77,-60,-83,-67,-73,-74
148,3,9,-77,-75,-59,-73,-64,-74,-74
149,3,9.2,-81,-71,-54,-72,-73,-92,-78
150,3,9.5,-73,-75,-62,-81,-78,-73,-81
151,3,9.7,-78,-85,-52,-68,-72,-93,-72
152,3,10,-82,-65,-64,-64,-73,-77,-72
153,3,10.2,-78,-67,-73,-68,-76,-78,-77
154,3,10.5,-85,-75,-56,-62,-72,-92,-73
155,3,10.7,-80,-76,-54,-68,-70,-89,-86
156,3,11,-87,-76,-54,-76,-77,-76,-78
157,3,11.2,-87,-85,-78,-76,-77,-76,-78
158,3,11.5,-78,-73,-68,-68,-66,-77,-86
159,3,11.7,-96,-80,-69,-62,-69,-83,-79
160,3,12,-76,-76,-71,-64,-83,-73,-81
161,3,12.2,-77,-72,-77,-67,-77,-86,-76
162,3,12.5,-84,-78,-67,-77,-71,-75,-80
163,3,12.7,-91,-72,-72,-64,-76,-74,-98
164,3,13,-81,-83,-69,-63,-74,-75,-73
165,3,13.2,-82,-83,-69,-79,-78,-78,-80
166,3,13.5,-82,-89,-73,-79,-78,-78,-80
167,2.7,13.5,-84,-68,-65,-68,-76,-78,-78
168,2.5,13.5,-80,-74,-95,-62,-72,-77,-78
169,2.2,13.5,-76,-72,-84,-66,-68,-89,-84
170,2,13.5,-74,-72,-84,-60,-75,-80,-76
171,2,13.2,-74,-78,-69,-72,-75,-80,-69
172,2,13,-74,-71,-72,-70,-78,-78,-74
173,2,12.7,-86,-71,-61,-63,-70,-87,-84
174,2,12.5,-80,-73,-79,-64,-71,-80,-84
175,2,12.2,-76,-73,-73,-65,-74,-75,-73
176,2,12,-83,-71,-79,-63,-78,-73,-74
177,2,11.7,-75,-73,-80,-63,-67,-77,-78
178,2,11.5,-80,-78,-63,-53,-67,-77,-82
179,2,11.2,-78,-76,-67,-57,-71,-93,-76
180,2,11,-73,-73,-69,-60,-67,-75,-73
181,2,10.7,-79,-73,-69,-51,-69,-78,-88
182,2,10.5,-79,-80,-66,-51,-69,-78,-88
183,2,10.2,-78,-78,-65,-65,-80,-76,-80
184,2,10,-74,-77,-72,-76,-80,-84,-71
185,1.7,10,-80,-76,-69,-74,-66,-75,-80
186,1.5,10,-77,-79,-63,-69,-80,-84,-71
187,1.5,10.2,-83,-84,-69,-70,-66,-75,-80
188,1.5,10.5,-90,-80,-69,-70,-76,-74,-88
189,1.5,10.7,-82,-85,-67,-66,-63,-84,-78
190,1.5,11,-77,-77,-72,-63,-64,-91,-84
191,1.5,11.2,-82,-77,-72,-77,-71,-77,-80
192,1.5,11.5,-74,-89,-71,-77,-64,-74,-68
193,1.5,11.7,-79,-74,-74,-66,-68,-69,-75
194,1.5,12,-73,-75,-73,-71,-68,-69,-75
195,1.5,12.2,-76,-75,-77,-68,-64,-66,-78
196,1.5,12.5,-90,-80,-72,-70,-65,-70,-70
197,1.5,12.7,-69,-71,-68,-73,-65,-67,-67
198,1.5,13,-75,-82,-70,-71,-61,-77,-79
199,1.5,13.2,-68,-77,-81,-72,-54,-70,-70
200,1.5,13.5,-72,-89,-85,-62,-64,-66,-67
201,1.2,13.5,-69,-75,-72,-73,-59,-68,-71
202,1,13.5,-78,-86,-88,-63,-65,-73,-68
203,1,13.2,-70,-71,-83,-68,-72,-69,-64
204,1,13,-73,-65,-79,-66,-61,-73,-69
205,1,12.7,-72,-65,-69,-68,-64,-75,-80
206,1,12.5,-77,-65,-69,-62,-57,-77,-75
207,1,12.2,-77,-80,-73,-62,-63,-76,-70
208,1,12,-84,-82,-81,-67,-70,-72,-71
209,1,11.7,-78,-72,-66,-61,-70,-78,-71
210,1,11.5,-81,-79,-69,-61,-60,-80,-79
211,1,11.2,-77,-73,-66,-59,-63,-73,-70
212,1,11,-74,-73,-66,-62,-54,-69,-67
213,1,10.7,-80,-78,-67,-60,-58,-67,-73
214,1,10.5,-76,-76,-71,-60,-70,-69,-81
215,1,10.2,-78,-85,-69,-60,-70,-69,-81
216,1,10,-72,-76,-80,-63,-77,-74,-69
217,1,9.7,-72,-75,-70,-63,-81,-82,-82
218,1,9.5,-77,-75,-70,-66,-71,-82,-72
219,1,9.2,-77,-75,-62,-66,-73,-91,-80
220,1,9,-80,-77,-63,-70,-72,-80,-74
221,1,8.7,-68,-81,-64,-69,-72,-80,-74
222,1,8.5,-81,-73,-74,-72,-73,-77,-77
223,1,8.2,-83,-76,-64,-69,-62,-77,-82
224,1,8,-79,-70,-61,-65,-68,-68,-71
225,1,7.7,-77,-68,-70,-74,-62,-82,-80
226,1,7.5,-78,-75,-72,-77,-64,-67,-70
227,1,7.2,-86,-75,-72,-67,-66,-84,-81
228,1,7,-86,-69,-69,-67,-65,-80,-70
229,1,6.7,-77,-73,-60,-73,-62,-76,-82
230,1,6.5,-76,-76,-73,-77,-62,-76,-82
231,1,6.2,-75,-89,-80,-71,-64,-85,-76
232,1,6,-72,-80,-80,-66,-65,-74,-69
233,1,5.7,-74,-71,-66,-68,-65,-73,-84
234,1,5.5,-75,-64,-69,-59,-62,-74,-78
235,1,5.2,-69,-89,-86,-86,-76,-64,-55
236,1,5,-78,-81,-83,-84,-83,-64,-57
237,1.2,5,-64,-69,-65,-71,-67,-75,-70
238,1.5,5,-70,-69,-78,-85,-66,-72,-70
239,1.7,5,-75,-73,-73,-83,-82,-79,-68
240,2,5,-73,-62,-73,-84,-70,-72,-84
241,2.2,5,-76,-73,-81,-70,-70,-71,-71
242,2.5,5,-65,-83,-80,-72,-68,-71,-65
243,2.7,5,-70,-83,-86,-71,-78,-68,-59
244,3,5,-72,-73,-76,-71,-84,-67,-69
245,3.2,5,-61,-77,-73,-76,-67,-72,-68
246,3.5,5,-62,-79,-72,-72,-67,-73,-78
247,3.7,5,-64,-80,-75,-78,-64,-72,-68
248,4,5,-66,-71,-83,-70,-73,-68,-72
249,4.2,5,-64,-83,-89,-67,-71,-74,-64
250,4.5,5,-71,-78,-80,-82,-67,-71,-69
251,4.7,5,-68,-78,-80,-75,-69,-70,-70
252,5,5,-66,-78,-80,-72,-72,-63,-70
253,5.2,5,-66,-85,-84,-72,-68,-62,-76
254,5.5,5,-68,-82,-82,-84,-74,-61,-69
255,5.7,5,-79,-84,-78,-78,-74,-61,-69
256,6,5,-81,-82,-82,-85,-75,-63,-67
257,6.2,5,-79,-81,-87,-79,-72,-64,-71
258,6.5,5,-79,-88,-82,-80,-73,-68,-60
259,6.7,5,-80,-77,-84,-85,-84,-63,-61
260,7,5,-70,-83,-73,-79,-80,-67,-61
261,7,4.7,-86,-72,-81,-74,-73,-66,-74
262,7,4.5,-74,-79,-78,-76,-78,-68,-66
263,7,4.2,-76,-76,-80,-76,-75,-62,-62
264,7,4,-73,-82,-81,-77,-69,-60,-66
265,6.7,4,-76,-79,-82,-72,-77,-62,-62
266,6.5,4,-69,-76,-81,-85,-94,-63,-66
267,6.2,4,-92,-76,-79,-78,-86,-81,-59
268,6,4,-67,-75,-96,-87,-73,-60,-62
269,5.7,4,-88,-72,-78,-75,-77,-57,-62
270,5.5,4,-63,-76,-79,-70,-68,-61,-61
271,5.2,4,-65,-73,-73,-80,-71,-60,-77
272,5,4,-68,-73,-73,-74,-73,-65,-75
273,4.7,4,-68,-80,-79,-74,-70,-75,-75
274,4.5,4,-56,-74,-91,-65,-77,-63,-72
275,4.2,4,-58,-79,-73,-69,-77,-63,-72
276,4,4,-58,-78,-72,-70,-80,-79,-69
277,3.7,4,-60,-68,-73,-72,-68,-74,-75
278,3.5,4,-67,-77,-74,-71,-72,-70,-72
279,3.2,4,-65,-76,-80,-69,-68,-69,-66
280,3,4,-63,-68,-76,-72,-71,-71,-80
281,2.7,4,-70,-74,-85,-78,-85,-70,-82
282,2.5,4,-66,-69,-78,-70,-66,-80,-70
283,2.5,4.7,-74,-76,-77,-74,-67,-72,-78
284,2.5,4.5,-67,-84,-84,-76,-68,-72,-75
285,2.5,4.2,-72,-77,-76,-76,-72,-75,-72
286,2.5,3,-66,-80,-75,-78,-67,-69,-71
287,2.7,3,-66,-65,-80,-75,-90,-68,-76
288,3,3,-75,-65,-80,-79,-76,-72,-76
289,3.2,3,-75,-68,-73,-79,-72,-77,-70
290,3.5,3,-68,-68,-84,-74,-80,-84,-80
291,3.7,3,-54,-83,-76,-73,-80,-84,-80
292,4,3,-57,-78,-83,-72,-68,-64,-72
293,4.2,3,-66,-82,-80,-66,-78,-63,-73
294,4.5,3,-61,-85,-80,-67,-71,-73,-64
295,4.7,3,-62,-78,-80,-72,-71,-82,-65
296,5,3,-65,-82,-86,-75,-67,-62,-67
297,5.2,3,-80,-82,-77,-80,-69,-61,-66
298,5.5,3,-64,-80,-76,-94,-71,-64,-68
299,5.7,3,-72,-83,-74,-77,-90,-74,-71
300,6,3,-75,-78,-83,-81,-82,-61,-63
301,6.2,3,-69,-81,-75,-79,-76,-60,-69
302,6.5,3,-76,-75,-85,-86,-89,-63,-68
303,6.7,3,-74,-84,-81,-77,-75,-66,-63
304,7,3,-74,-86,-83,-84,-70,-72,-63
305,7.5,3,-70,-77,-88,-80,-74,-61,-62
306,7.5,3.7,-77,-77,-91,-85,-88,-71,-60
307,7.5,3.5,-88,-83,-87,-89,-79,-66,-58
308,7.5,3.2,-71,-80,-86,-80,-77,-69,-58
309,7.5,3,-72,-76,-78,-83,-85,-64,-59
310,7.5,2.7,-76,-76,-88,-80,-96,-75,-66
311,7.5,2.5,-79,-75,-82,-82,-76,-76,-61
312,7.5,2.2,-72,-75,-82,-77,-83,-72,-66
313,7.5,2,-74,-76,-81,-76,-83,-59,-63
314,7.5,1.7,-68,-75,-78,-80,-85,-67,-60
315,7.5,1.5,-73,-76,-86,-78,-82,-60,-60
316,7.7,1.5,-68,-74,-81,-79,-73,-64,-59
317,8,1.5,-62,-76,-79,-88,-82,-74,-74
318,8.2,1.5,-75,-82,-84,-78,-74,-56,-59
319,8.5,1.5,-78,-82,-80,-85,-75,-82,-53
320,8.7,1.5,-68,-83,-90,-90,-78,-63,-56
321,9,1.5,-88,-80,-90,-86,-82,-72,-54
322,9.2,1.5,-80,-81,-86,-86,-80,-76,-56
323,9.5,1.5,-81,-79,-82,-96,-90,-72,-60
324,9.5,1.2,-79,-88,-85,-80,-90,-66,-54
325,9.5,1,-75,-85,-76,-82,-77,-63,-66
326,9.5,0.7,-76,-74,-83,-84,-82,-72,-59
327,9.5,0.5,-78,-74,-83,-82,-76,-63,-59
328,9.5,0.2,-78,-77,-93,-82,-80,-65,-59
329,9.5,0,-72,-80,-78,-80,-77,-69,-61
330,9.2,0,-76,-87,-95,-86,-77,-69,-67
331,9,0,-66,-75,-80,-74,-80,-72,-77
332,8.7,0,-52,-74,-77,-82,-74,-74,-80
333,8.5,0,-78,-78,-78,-82,-75,-62,-67
334,8.2,0,-59,-81,-88,-77,-87,-76,-78
335,8,0,-60,-76,-81,-77,-75,-78,-78
336,7.7,0,-77,-85,-82,-82,-80,-64,-63
337,7.5,0,-82,-77,-75,-85,-81,-74,-62
338,7.2,0,-49,-70,-86,-84,-82,-78,-76
339,7,0,-48,-74,-89,-88,-85,-76,-70
340,7,0.2,-60,-74,-85,-79,-72,-76,-80
341,7,0.5,-73,-84,-82,-78,-79,-70,-52
342,7,0.7,-74,-77,-85,-87,-83,-78,-54
343,7,1,-76,-73,-88,-81,-89,-75,-64
344,7,1.2,-56,-70,-79,-88,-71,-74,-75
345,7,1.5,-78,-94,-94,-87,-85,-64,-58
346,7,1.7,-81,-83,-86,-83,-77,-64,-54
347,7,2,-67,-78,-85,-86,-70,-66,-72
348,7,2.2,-60,-74,-81,-70,-76,-67,-94
349,7,2.5,-87,-78,-94,-78,-84,-72,-53
350,6.7,2.5,-73,-83,-85,-84,-98,-66,-60
351,6.5,2.5,-77,-78,-82,-81,-90,-68,-55
352,6.2,2.5,-83,-80,-83,-88,-83,-70,-52
353,6,2.5,-83,-87,-85,-85,-82,-61,-56
354,5.7,2.5,-96,-94,-80,-82,-76,-64,-53
355,5.5,2.5,-96,-85,-84,-82,-82,-72,-50
356,5.2,2.5,-83,-86,-82,-96,-75,-67,-50
357,5,2.5,-56,-71,-80,-73,-73,-87,-85
358,4.7,2.5,-54,-94,-82,-65,-69,-69,-82
359,4.5,2.5,-57,-80,-72,-72,-76,-78,-77
360,4.5,2.2,-78,-72,-87,-77,-80,-77,-54
361,4.5,2,-78,-75,-76,-68,-92,-62,-74
362,4.5,1.7,-62,-86,-79,-83,-82,-59,-65
363,4.5,1.5,-68,-71,-71,-69,-82,-73,-65
364,4.7,1.5,-72,-79,-70,-71,-75,-68,-73
365,5,1.5,-73,-82,-82,-86,-76,-75,-73
366,5.2,1.5,-68,-80,-87,-74,-72,-68,-78
367,5.5,1.5,-63,-75,-83,-77,-74,-69,-71
368,5.7,1.5,-80,-83,-92,-80,-75,-66,-72
369,6,1.5,-76,-74,-74,-81,-75,-65,-80
370,6.2,1.5,-77,-78,-82,-72,-77,-70,-72
371,6.5,1.5,-72,-90,-83,-74,-70,-70,-77
372,6.5,1.2,-80,-73,-75,-78,-73,-66,-67
373,6.5,1,-75,-90,-82,-71,-85,-65,-74
374,6.5,0.7,-80,-88,-83,-83,-76,-72,-66
375,6.5,0.5,-71,-84,-77,-92,-76,-67,-65
376,6.5,0.2,-82,-81,-82,-78,-88,-64,-62
377,6.5,0,-66,-81,-82,-79,-78,-76,-65
378,6.2,0,-76,-80,-91,-82,-80,-71,-70
379,6,0,-73,-80,-76,-76,-83,-64,-90
380,5.7,0,-71,-83,-90,-74,-79,-81,-69
381,5.5,0,-81,-76,-76,-69,-76,-70,-86
382,5.2,0,-67,-74,-78,-72,-74,-76,-78
383,5,0,-73,-70,-80,-82,-72,-89,-78
384,4.7,0,-82,-82,-92,-76,-80,-69,-71
385,4.5,0,-80,-79,-83,-77,-71,-74,-82
386,4.2,0,-71,-78,-80,-72,-68,-67,-69
387,4,0,-72,-78,-82,-88,-67,-63,-75
388,4,0.2,-79,-81,-76,-75,-73,-58,-78
389,4,0.5,-71,-85,-77,-77,-75,-71,-73
390,4,0.7,-71,-84,-86,-76,-88,-71,-71
391,4,1,-63,-68,-82,-80,-75,-72,-84
392,4,1.2,-81,-88,-80,-96,-72,-60,-81
393,4,1.5,-76,-84,-82,-76,-90,-67,-87
394,4,1.7,-91,-83,-82,-75,-84,-72,-71
395,4,2,-58,-77,-72,-84,-71,-77,-79
396,4,2.2,-83,-83,-74,-82,-78,-71,-66
397,4,2.5,-54,-71,-80,-67,-72,-77,-75
398,3.7,2.5,-52,-80,-72,-70,-72,-80,-67
399,3.5,2.5,-68,-75,-85,-78,-69,-69,-71
1,4,0,-62,-70,-82,-83,-72,-72,-73
2,3.8,0,-76,-93,-84,-88,-82,-82,-56
3,3.6,0,-85,-87,-86,-85,-82,-66,-66
4,3.4,0,-84,-89,-83,-90,-82,-73,-56
5,3.2,0,-98,-79,-87,-86,-74,-69,-68
6,3,0,-56,-82,-82,-84,-80,-75,-66
7,2.8,0,-78,-83,-81,-83,-77,-67,-72
8,2.6,0,-76,-90,-93,-85,-75,-70,-60
9,2.4,0,-79,-79,-82,-93,-88,-86,-58
10,2.2,0,-79,-79,-86,-83,-83,-65,-68
11,2,0,-52,-85,-73,-88,-88,-82,-73
12,1.8,0,-79,-80,-83,-85,-86,-81,-56
13,1.6,0,-75,-76,-86,-99,-80,-94,-60
14,1.4,0,-81,-92,-88,-83,-75,-69,-54
15,1.2,0,-85,-79,-87,-79,-92,-88,-65
16,1,0,-84,-86,-82,-78,-87,-89,-63
17,1,0.2,-79,-90,-86,-84,-86,-80,-88
18,1,0.4,-82,-85,-83,-84,-84,-70,-57
19,1,0.6,-83,-96,-86,-88,-80,-79,-57
20,1,0.8,-83,-89,-97,-86,-76,-80,-58
21,1,1,-83,-86,-87,-86,-79,-80,-58
22,1,1.2,-85,-100,-83,-89,-85,-82,-54
23,1,1.4,-83,-91,-86,-83,-79,-72,-60
24,1,1.6,-85,-86,-85,-85,-93,-82,-59
25,1,1.8,-85,-86,-85,-85,-93,-82,-59
26,1,2,-76,-80,-87,-86,-82,-70,-65
27,1,2.2,-81,-85,-90,-85,-77,-64,-58
28,1,2.4,-80,-86,-80,-92,-79,-78,-61
29,1,2.6,-82,-86,-99,-83,-79,-73,-61
30,1,2.8,-76,-86,-77,-75,-88,-72,-69
31,1,3,-72,-83,-91,-89,-76,-71,-67
32,1,3.2,-72,-83,-89,-82,-83,-76,-58
33,1,3.4,-72,-83,-89,-93,-83,-76,-58
34,1,3.6,-79,-80,-86,-87,-78,-73,-57
35,1,3.8,-79,-80,-84,-90,-94,-67,-56
36,1,4,-78,-82,-76,-84,-89,-74,-48
37,1,4.2,-74,-81,-97,-92,-84,-70,-53
38,1,4.4,-77,-80,-92,-81,-80,-69,-53
39,1,4.6,-77,-85,-77,-89,-83,-62,-55
40,1,4.8,-97,-86,-80,-86,-81,-78,-46
41,1,5,-78,-81,-83,-84,-83,-64,-57
42,1,5.2,-69,-89,-86,-86,-76,-64,-55
43,1,5.4,-70,-87,-77,-95,-79,-68,-53
44,1,5.6,-80,-77,-74,-78,-81,-69,-55
45,1,5.8,-74,-76,-80,-82,-77,-63,-54
46,1.2,6,-74,-79,-78,-78,-74,-69,-66
47,1.4,6,-75,-72,-80,-80,-74,-62,-60
48,1.6,6,-67,-79,-75,-74,-81,-64,-60
49,1.6,6.2,-76,-75,-79,-86,-73,-69,-61
50,1.6,6.4,-76,-71,-79,-77,-72,-66,-64
51,1.6,6.6,-67,-70,-77,-78,-72,-63,-63
52,1.6,6.8,-72,-77,-78,-85,-69,-79,-61
53,1.6,7,-77,-80,-73,-72,-74,-69,-68
54,1.6,7.2,-84,-74,-86,-76,-77,-69,-65
55,1.6,7.4,-73,-83,-74,-91,-67,-57,-62
56,1.6,7.6,-72,-71,-77,-85,-72,-59,-68
57,1.6,7.8,-80,-74,-84,-83,-80,-57,-68
58,1.6,8,-80,-74,-84,-88,-75,-57,-64
59,1.6,8.2,-66,-72,-75,-83,-78,-58,-61
60,1.6,8.4,-76,-71,-75,-73,-80,-56,-63
61,1.6,8.6,-83,-73,-84,-72,-67,-65,-72
62,1.6,8.8,-72,-86,-84,-75,-72,-58,-66
63,1.6,9,-68,-85,-76,-76,-80,-59,-61
64,1.6,9.2,-67,-82,-86,-69,-68,-67,-68
65,1.6,9.4,-66,-86,-73,-76,-75,-71,-66
66,1.6,9.6,-74,-75,-72,-88,-69,-67,-70
67,1.6,9.8,-71,-76,-73,-77,-70,-82,-69
68,1.6,10,-69,-77,-84,-75,-66,-65,-74
69,1.6,10.2,-71,-76,-88,-80,-77,-67,-74
70,1.6,10.4,-74,-77,-72,-69,-68,-69,-73
71,1.6,10.6,-76,-73,-89,-71,-70,-74,-69
72,1.6,10.8,-66,-87,-80,-81,-62,-90,-65
73,1.6,11,-69,-75,-85,-70,-64,-67,-68
74,1.6,11.2,-58,-76,-71,-80,-72,-72,-61
75,1.6,11.4,-58,-71,-74,-87,-71,-77,-67
76,1.6,11.6,-63,-82,-68,-70,-71,-67,-76
77,1.6,11.8,-85,-74,-74,-77,-66,-68,-72
78,1.6,12,-64,-76,-75,-74,-74,-75,-73
79,1.6,12.2,-67,-69,-84,-86,-80,-73,-75
80,1.6,12.4,-71,-66,-79,-80,-74,-81,-72
81,1.6,12.6,-68,-68,-91,-87,-67,-75,-73
82,1.6,12.8,-79,-71,-71,-83,-71,-72,-78
83,1.6,13,-71,-74,-80,-82,-77,-80,-79
84,1.6,13.2,-65,-64,-76,-79,-77,-71,-79
85,1.6,13.4,-94,-61,-85,-79,-70,-76,-77
86,1.6,13.6,-71,-70,-83,-70,-72,-75,-69
87,1.8,13.6,-71,-68,-77,-80,-73,-75,-69
88,2,13.6,-71,-67,-74,-71,-70,-78,-73
89,2.2,13.6,-74,-64,-76,-87,-76,-74,-71
90,2.4,13.6,-68,-60,-76,-78,-67,-71,-72
91,2.6,13.6,-74,-71,-78,-79,-70,-78,-74
92,2.8,13.6,-76,-73,-73,-85,-70,-78,-64
93,3,13.6,-68,-71,-71,-79,-72,-70,-77
94,3.2,13.6,-69,-67,-80,-80,-87,-81,-75
95,3.4,13.6,-80,-65,-71,-79,-63,-70,-67
96,3.6,13.6,-81,-70,-70,-80,-86,-80,-72
97,3.8,13.6,-67,-79,-76,-78,-67,-73,-67
98,4,13.6,-73,-72,-71,-69,-64,-69,-71
99,4.2,13.6,-70,-64,-71,-76,-70,-90,-78
100,4.4,13.6,-69,-77,-71,-82,-78,-73,-71
101,4.6,13.6,-69,-69,-65,-88,-65,-72,-78
102,4.8,13.6,-74,-80,-68,-71,-86,-76,-73
103,5,13.6,-74,-65,-67,-80,-54,-69,-80
104,5.2,13.6,-75,-68,-68,-75,-67,-74,-68
105,5.4,13.6,-77,-76,-68,-72,-71,-69,-77
106,5.4,13.4,-80,-70,-82,-76,-59,-73,-72
107,5.4,13.2,-70,-70,-79,-67,-66,-75,-75
108,5.4,13,-79,-75,-79,-65,-58,-76,-67
109,5.4,12.8,-69,-75,-80,-72,-64,-68,-81
110,5.4,12.6,-71,-71,-80,-68,-60,-68,-78
111,5.4,12.4,-74,-74,-75,-73,-57,-71,-79
112,5.4,12.2,-77,-84,-74,-72,-54,-67,-77
113,5.4,12,-68,-78,-75,-72,-58,-68,-69
114,5.4,11.8,-72,-78,-76,-69,-54,-76,-68
115,5.4,11.6,-70,-69,-70,-69,-52,-71,-72
116,5.4,11.4,-73,-76,-74,-74,-62,-66,-68
117,5.4,11.2,-84,-73,-72,-65,-48,-78,-77
118,5.4,11,-85,-75,-68,-69,-80,-74,-70
119,5.4,10.8,-80,-71,-67,-72,-54,-73,-81
120,5.4,10.6,-76,-71,-72,-80,-58,-75,-74
121,5.4,10.4,-85,-73,-74,-76,-60,-81,-77
122,5.4,10.2,-73,-84,-65,-68,-65,-68,-82
123,5.4,10,-81,-77,-66,-69,-61,-75,-84
124,5.4,9.8,-73,-84,-65,-68,-65,-68,-82
125,5.4,9.6,-79,-71,-72,-64,-70,-71,-84
126,5.4,9.4,-83,-77,-64,-71,-76,-73,-79
127,5.4,9.2,-83,-81,-68,-67,-69,-85,-80
128,5.4,9,-83,-83,-69,-67,-74,-85,-78
129,5.4,8.8,-82,-75,-66,-64,-85,-79,-78
130,5.4,8.6,-82,-78,-71,-70,-79,-78,-84
131,5.4,8.4,-73,-74,-64,-60,-73,-83,-80
132,5.4,8.2,-76,-81,-70,-58,-72,-80,-87
133,5.4,8,-79,-76,-67,-77,-66,-73,-86
134,5.4,7.8,-76,-73,-72,-69,-77,-83,-84
135,5.4,7.6,-72,-72,-65,-62,-72,-81,-87
136,5.4,7.4,-76,-76,-70,-54,-73,-82,-80
137,5.4,7.2,-85,-73,-65,-63,-74,-79,-82
138,5.4,7,-95,-80,-72,-50,-76,-78,-83
139,5.4,6.8,-78,-69,-69,-63,-80,-72,-84
140,5.4,6.6,-74,-80,-67,-73,-73,-88,-76
141,5.4,6.4,-77,-74,-75,-64,-80,-76,-80
142,5.2,6.4,-75,-78,-87,-70,-66,-77,-85
143,5,6.4,-73,-74,-74,-70,-66,-77,-78
144,4.8,6.4,-74,-70,-63,-65,-69,-87,-69
145,4.6,6.4,-77,-74,-60,-70,-71,-80,-90
146,4.4,6.4,-73,-72,-62,-69,-82,-77,-78
147,4.2,6.4,-76,-69,-57,-68,-71,-80,-85
148,4,6.4,-70,-69,-86,-68,-70,-88,-75
149,3.8,6.4,-85,-73,-65,-63,-74,-79,-82
150,3.6,6.4,-80,-75,-60,-68,-73,-74,-89
151,3.4,6.4,-72,-81,-74,-67,-77,-85,-80
152,3.2,6.4,-89,-74,-60,-64,-67,-74,-78
153,3,6.4,-73,-72,-69,-70,-70,-77,-80
154,2.8,6.4,-77,-69,-59,-72,-65,-79,-87
155,2.6,6.4,-70,-88,-58,-73,-68,-70,-74
156,2.4,6.4,-74,-79,-61,-67,-74,-76,-83
157,2.2,6.4,-80,-75,-71,-67,-68,-86,-97
158,2,6.4,-80,-76,-58,-67,-70,-84,-79
159,1.8,6.4,-78,-77,-60,-62,-63,-75,-76
160,1.6,6.4,-79,-84,-67,-66,-73,-75,-81
161,1.4,6.4,-90,-72,-58,-70,-69,-71,-71
162,1.4,6.2,-83,-75,-65,-73,-69,-71,-85
163,1.4,6,-71,-73,-68,-70,-72,-76,-75
164,1.4,5.8,-70,-82,-71,-89,-66,-72,-87
165,1.4,5.6,-88,-77,-69,-74,-69,-70,-87
166,1.4,5.4,-78,-71,-63,-72,-66,-74,-83
167,1.6,5.4,-74,-70,-61,-76,-68,-78,-76
168,1.8,5.4,-74,-73,-71,-74,-68,-68,-74
169,2,5.4,-78,-66,-75,-85,-64,-70,-67
170,2.2,5.4,-89,-74,-60,-64,-67,-74,-78
171,2.4,5.4,-70,-66,-57,-70,-77,-82,-78
172,2.6,5.4,-77,-69,-59,-72,-65,-79,-87
173,2.8,5.4,-70,-88,-58,-73,-68,-70,-74
174,3,5.4,-74,-79,-61,-67,-74,-76,-83
175,3.2,5.4,-80,-75,-71,-67,-69,-86,-97
176,3.4,5.4,-74,-75,-67,-83,-71,-74,-73
177,3.6,5.4,-78,-72,-67,-76,-64,-76,-77
178,3.8,5.4,-77,-70,-73,-71,-72,-82,-76
179,4,5.4,-78,-71,-78,-82,-66,-71,-76
180,4.2,5.4,-80,-70,-75,-76,-71,-64,-93
181,4.4,5.4,-78,-65,-70,-71,-78,-66,-69
182,4.6,5.4,-68,-66,-78,-81,-67,-72,-74
183,4.8,5.4,-75,-87,-76,-69,-62,-67,-63
184,5,5.4,-80,-69,-70,-70,-66,-78,-80
185,5.2,5.4,-71,-72,-80,-73,-67,-76,-77
186,5.4,5.4,-72,-70,-73,-69,-74,-76,-69
187,5.6,5.4,-72,-63,-73,-65,-59,-68,-71
188,5.8,5.4,-68,-70,-73,-74,-75,-76,-76
189,6,5.4,-67,-68,-68,-73,-70,-83,-76
190,6.2,5.4,-68,-64,-73,-76,-68,-74,-73
191,6.4,5.4,-68,-66,-82,-70,-63,-75,-88
192,6.6,5.4,-71,-71,-79,-75,-70,-89,-81
193,6.8,5.4,-65,-65,-80,-73,-62,-73,-73
194,7,5.4,-73,-73,-82,-78,-75,-78,-73
195,7.2,5.4,-66,-64,-69,-77,-69,-76,-72
196,7.4,5.4,-80,-63,-72,-80,-80,-66,-71
197,7.6,5.4,-62,-67,-80,-94,-83,-87,-83
198,7.8,5.4,-70,-62,-81,-83,-78,-74,-65
199,7.8,5.2,-75,-74,-81,-80,-72,-73,-65
200,7.8,5,-67,-70,-79,-79,-76,-77,-63
201,7.8,4.8,-73,-70,-81,-79,-73,-68,-70
202,7.8,4.6,-64,-69,-81,-78,-69,-75,-71
203,7.8,4.4,-60,-71,-90,-76,-73,-77,-74
204,7.8,4.2,-62,-68,-90,-80,-71,-77,-65
205,7.8,4,-59,-71,-90,-81,-68,-73,-70
206,7.8,3.8,-60,-82,-84,-82,-80,-69,-78
207,7.8,3.6,-60,-71,-88,-80,-78,-68,-74
208,7.8,3.4,-66,-70,-75,-81,-77,-76,-77
209,7.8,3.2,-56,-68,-82,-80,-86,-77,-73
210,7.8,3,-61,-73,-89,-74,-71,-72,-81
211,7.8,2.8,-62,-75,-92,-77,-72,-70,-77
212,7.8,2.6,-70,-72,-78,-86,-77,-74,-68
213,7.8,2.4,-59,-77,-83,-80,-74,-81,-84
214,7.8,2.2,-55,-78,-88,-80,-77,-71,-74
215,7.8,2,-62,-86,-82,-81,-75,-74,-76
216,7.8,1.8,-67,-76,-77,-88,-82,-74,-73
217,7.8,1.6,-62,-80,-79,-90,-78,-82,-73
218,7.8,1.4,-60,-76,-80,-80,-82,-74,-77
219,8,1.4,-62,-76,-79,-88,-82,-74,-74
220,8.2,1.4,-64,-82,-86,-85,-79,-87,-84
221,8.4,1.4,-73,-78,-90,-77,-82,-98,-78
222,8.6,1.4,-65,-73,-91,-92,-76,-74,-74
223,8.8,1.4,-73,-79,-83,-84,-74,-91,-80
224,9,1.4,-61,-71,-75,-78,-73,-74,-70
225,9.2,1.4,-65,-71,-73,-84,-79,-68,-69
226,9.4,1.4,-67,-73,-80,-76,-84,-69,-77
227,9.6,1.4,-63,-81,-83,-83,-72,-82,-72
228,9.8,1.4,-63,-81,-79,-83,-72,-84,-72
229,10,1.4,-64,-76,-83,-88,-77,-80,-84
230,10,1.2,-58,-74,-84,-91,-83,-78,-91
231,10,1,-63,-68,-80,-75,-84,-69,-81
232,10,0.8,-63,-71,-85,-82,-81,-71,-82
233,10,0.6,-60,-72,-80,-83,-85,-70,-83
234,10,0.4,-68,-72,-77,-80,-77,-69,-87
235,10,0.2,-62,-71,-88,-78,-71,-80,-73
236,10,0,-61,-74,-89,-82,-89,-84,-79
237,9.8,0,-72,-80,-91,-76,-78,-81,-72
238,9.6,0,-57,-75,-85,-76,-86,-68,-80
239,9.4,0,-61,-87,-78,-78,-74,-72,-69
240,9.2,0,-66,-75,-80,-74,-80,-72,-77
241,9,0,-52,-74,-77,-82,-74,-74,-80
242,8.8,0,-63,-71,-76,-83,-74,-67,-78
243,8.6,0,-55,-78,-78,-80,-75,-77,-91
244,8.4,0,-63,-70,-76,-78,-74,-77,-75
245,8.2,0,-59,-81,-88,-77,-87,-76,-78
246,8,0,-60,-76,-81,-77,-75,-78,-78
247,7.8,0,-50,-80,-92,-78,-72,-76,-73
248,7.6,0,-57,-68,-81,-78,-72,-72,-75
249,7.4,0,-53,-75,-94,-80,-74,-72,-75
250,7.2,0,-49,-70,-86,-84,-82,-78,-76
251,7,0,-48,-74,-89,-88,-85,-76,-70
252,7,0.2,-60,-74,-85,-79,-72,-76,-80
253,7,0.4,-62,-96,-78,-89,-83,-76,-77
254,7,0.6,-72,-68,-80,-90,-72,-71,-71
255,7,0.8,-59,-68,-73,-84,-74,-67,-76
256,7,1,-76,-73,-88,-81,-89,-75,-64
257,7,1.2,-56,-70,-79,-88,-71,-74,-75
258,7,1.4,-56,-76,-82,-84,-71,-73,-80
259,7,1.6,-60,-71,-80,-84,-80,-70,-72
260,7,1.8,-56,-69,-77,-78,-76,-70,-67
261,7,2,-67,-78,-85,-86,-70,-66,-72
262,7,2.2,-60,-74,-81,-70,-76,-67,-94
263,7,2.4,-67,-80,-83,-85,-67,-70,-67
264,7,2.6,-60,-72,-84,-77,-66,-82,-80
265,6.8,2.6,-71,-80,-80,-78,-71,-73,-83
266,6.6,2.6,-72,-80,-76,-88,-74,-66,-70
267,6.4,2.6,-67,-85,-84,-81,-80,-69,-63
268,6.2,2.6,-66,-81,-83,-88,-76,-69,-67
269,6,2.6,-69,-71,-82,-82,-80,-76,-70
270,5.8,2.6,-61,-80,-90,-79,-80,-71,-69
271,5.6,2.6,-64,-75,-82,-76,-77,-67,-72
272,5.4,2.6,-64,-75,-78,-86,-77,-69,-78
273,5.2,2.6,-63,-85,-85,-91,-77,-72,-77
274,5,2.6,-65,-78,-80,-76,-78,-65,-70
275,4.8,2.6,-64,-78,-80,-76,-77,-64,-72
276,4.8,2.4,-69,-74,-83,-84,-80,-71,-73
277,4.8,2.2,-64,-78,-85,-81,-94,-68,-71
278,4.8,2,-62,-92,-84,-92,-92,-70,-69
279,4.8,1.8,-67,-83,-86,-83,-82,-68,-64
280,4.8,1.6,-73,-83,-88,-80,-77,-68,-64
281,4.8,1.4,-72,-74,-83,-85,-80,-76,-78
282,5,1.4,-73,-82,-82,-86,-76,-75,-73
283,5.2,1.4,-77,-83,-76,-77,-78,-73,-67
284,5.4,1.4,-72,-80,-90,-75,-73,-75,-76
285,5.6,1.4,-69,-74,-90,-81,-76,-69,-82
286,5.8,1.4,-73,-76,-81,-85,-74,-71,-84
287,6,1.4,-75,-77,-80,-90,-79,-71,-81
288,6.2,1.4,-72,-80,-78,-85,-74,-65,-83
289,6.4,1.4,-72,-74,-76,-83,-81,-66,-75
290,6.6,1.4,-76,-85,-78,-78,-74,-83,-81
291,6.8,1.4,-77,-70,-80,-76,-76,-89,-80
292,7,1.4,-68,-72,-89,-79,-80,-77,-80
293,7,1.2,-76,-73,-88,-76,-76,-68,-69
294,7,1,-76,-73,-88,-81,-89,-75,-64
295,7,0.8,-71,-73,-79,-78,-76,-71,-75
296,7,0.6,-69,-75,-74,-76,-75,-67,-68
297,7,0.4,-72,-84,-90,-84,-76,-73,-77
298,7,0.2,-75,-75,-76,-78,-78,-75,-74
299,7,0,-74,-80,-78,-80,-76,-72,-78
300,6.8,0,-85,-77,-75,-78,-75,-65,-64
301,6.6,0,-83,-83,-74,-82,-78,-71,-66
302,6.4,0,-78,-80,-76,-83,-78,-65,-70
303,6.2,0,-76,-80,-91,-82,-80,-71,-70
304,6,0,-73,-80,-76,-76,-83,-64,-90
305,5.8,0,-67,-80,-80,-75,-72,-73,-73
306,5.6,0,-74,-76,-80,-75,-81,-66,-67
307,5.4,0,-66,-81,-79,-90,-79,-67,-74
308,5.2,0,-67,-74,-78,-72,-74,-76,-78
309,5,0,-73,-70,-80,-82,-72,-89,-78
310,4.8,0,-71,-79,-79,-90,-75,-70,-74
311,4.6,0,-70,-70,-89,-83,-76,-61,-69
312,4.4,0,-90,-95,-92,-78,-79,-80,-64
313,4.2,0,-71,-78,-80,-72,-68,-67,-69
314,4,0,-72,-78,-82,-88,-67,-63,-75
315,4,0.2,-79,-81,-76,-75,-73,-58,-78
316,4,0.4,-72,-83,-82,-81,-76,-61,-71
317,4,0.6,-84,-86,-82,-77,-67,-68,-69
318,4,0.8,-70,-76,-76,-87,-73,-67,-76
319,4,1,-63,-68,-82,-80,-75,-72,-84
320,4,1.2,-81,-88,-80,-96,-72,-60,-81
321,4,1.4,-67,-80,-80,-82,-81,-60,-83
322,4,1.6,-73,-75,-76,-80,-75,-66,-69
323,4,1.8,-98,-76,-76,-77,-72,-76,-72
324,4,2,-58,-77,-72,-84,-71,-77,-79
325,4,2.2,-83,-83,-74,-82,-78,-71,-66
326,4,2.4,-76,-74,-85,-80,-76,-62,-68
327,4,2.6,-67,-70,-73,-82,-70,-79,-74
328,3.8,2.6,-82,-77,-82,-81,-82,-76,-74
329,3.6,2.6,-79,-78,-82,-89,-76,-63,-59
330,3.4,2.6,-82,-79,-84,-86,-81,-73,-58
331,3.2,2.6,-71,-76,-90,-80,-84,-69,-60
332,3,2.6,-83,-91,-78,-78,-77,-84,-62
333,2.8,2.6,-71,-84,-79,-81,-83,-68,-57
334,2.6,2.6,-79,-80,-84,-83,-72,-59,-62
335,2.4,2.6,-76,-79,-81,-90,-77,-58,-61
336,2.2,2.6,-75,-84,-74,-88,-80,-60,-58
337,2,2.6,-83,-87,-86,-84,-81,-65,-58
338,1.8,2.6,-72,-87,-76,-94,-81,-56,-66
